[     764ms] [WARNING] VIDEOJS: WARN: A plugin named "reloadSourceOnError" already exists. You may want to avoid re-registering plugins! @ https://www.demoblaze.com/node_modules/video.js/dist/video.min.js:11
[     772ms] [VERBOSE] [DOM] Input elements should have autocomplete attributes (suggested: "current-password"): (More info: https://goo.gl/9p2vKq) %o @ https://www.demoblaze.com/:0
[     772ms] [VERBOSE] [DOM] Input elements should have autocomplete attributes (suggested: "current-password"): (More info: https://goo.gl/9p2vKq) %o @ https://www.demoblaze.com/:0
[   54175ms] [WARNING] VIDEOJS: WARN: A plugin named "reloadSourceOnError" already exists. You may want to avoid re-registering plugins! @ https://www.demoblaze.com/node_modules/video.js/dist/video.min.js:11
[   54184ms] [VERBOSE] [DOM] Input elements should have autocomplete attributes (suggested: "current-password"): (More info: https://goo.gl/9p2vKq) %o @ https://www.demoblaze.com/:0
[   54184ms] [VERBOSE] [DOM] Input elements should have autocomplete attributes (suggested: "current-password"): (More info: https://goo.gl/9p2vKq) %o @ https://www.demoblaze.com/:0
[   54578ms] Error: Modal is transitioning
    at h.hide (https://www.demoblaze.com/node_modules/bootstrap/dist/js/bootstrap.min.js:6:22540)
    at HTMLDivElement.<anonymous> (https://www.demoblaze.com/node_modules/bootstrap/dist/js/bootstrap.min.js:6:25657)
    at HTMLDivElement.dispatch (https://www.demoblaze.com/node_modules/jquery/dist/jquery.min.js:3:10316)
    at q.handle (https://www.demoblaze.com/node_modules/jquery/dist/jquery.min.js:3:8343)
[   71489ms] [WARNING] VIDEOJS: WARN: A plugin named "reloadSourceOnError" already exists. You may want to avoid re-registering plugins! @ https://www.demoblaze.com/node_modules/video.js/dist/video.min.js:11
[   71497ms] [VERBOSE] [DOM] Input elements should have autocomplete attributes (suggested: "current-password"): (More info: https://goo.gl/9p2vKq) %o @ https://www.demoblaze.com/:0
[   71497ms] [VERBOSE] [DOM] Input elements should have autocomplete attributes (suggested: "current-password"): (More info: https://goo.gl/9p2vKq) %o @ https://www.demoblaze.com/:0
[   71823ms] Error: Modal is transitioning
    at h.hide (https://www.demoblaze.com/node_modules/bootstrap/dist/js/bootstrap.min.js:6:22540)
    at HTMLDivElement.<anonymous> (https://www.demoblaze.com/node_modules/bootstrap/dist/js/bootstrap.min.js:6:25657)
    at HTMLDivElement.dispatch (https://www.demoblaze.com/node_modules/jquery/dist/jquery.min.js:3:10316)
    at q.handle (https://www.demoblaze.com/node_modules/jquery/dist/jquery.min.js:3:8343)
[   93730ms] [WARNING] VIDEOJS: WARN: A plugin named "reloadSourceOnError" already exists. You may want to avoid re-registering plugins! @ https://www.demoblaze.com/node_modules/video.js/dist/video.min.js:11
[   93743ms] [VERBOSE] [DOM] Input elements should have autocomplete attributes (suggested: "current-password"): (More info: https://goo.gl/9p2vKq) %o @ https://www.demoblaze.com/:0
[   93743ms] [VERBOSE] [DOM] Input elements should have autocomplete attributes (suggested: "current-password"): (More info: https://goo.gl/9p2vKq) %o @ https://www.demoblaze.com/:0
[  103823ms] [WARNING] VIDEOJS: WARN: A plugin named "reloadSourceOnError" already exists. You may want to avoid re-registering plugins! @ https://www.demoblaze.com/node_modules/video.js/dist/video.min.js:11
[  103830ms] [VERBOSE] [DOM] Input elements should have autocomplete attributes (suggested: "current-password"): (More info: https://goo.gl/9p2vKq) %o @ https://www.demoblaze.com/:0
[  103830ms] [VERBOSE] [DOM] Input elements should have autocomplete attributes (suggested: "current-password"): (More info: https://goo.gl/9p2vKq) %o @ https://www.demoblaze.com/:0
[  122744ms] [WARNING] VIDEOJS: WARN: A plugin named "reloadSourceOnError" already exists. You may want to avoid re-registering plugins! @ https://www.demoblaze.com/node_modules/video.js/dist/video.min.js:11
[  122751ms] [VERBOSE] [DOM] Input elements should have autocomplete attributes (suggested: "current-password"): (More info: https://goo.gl/9p2vKq) %o @ https://www.demoblaze.com/:0
[  122751ms] [VERBOSE] [DOM] Input elements should have autocomplete attributes (suggested: "current-password"): (More info: https://goo.gl/9p2vKq) %o @ https://www.demoblaze.com/:0
[  137290ms] [WARNING] VIDEOJS: WARN: A plugin named "reloadSourceOnError" already exists. You may want to avoid re-registering plugins! @ https://www.demoblaze.com/node_modules/video.js/dist/video.min.js:11
[  137299ms] [VERBOSE] [DOM] Input elements should have autocomplete attributes (suggested: "current-password"): (More info: https://goo.gl/9p2vKq) %o @ https://www.demoblaze.com/:0
[  137299ms] [VERBOSE] [DOM] Input elements should have autocomplete attributes (suggested: "current-password"): (More info: https://goo.gl/9p2vKq) %o @ https://www.demoblaze.com/:0
[  137721ms] Error: Modal is transitioning
    at h.hide (https://www.demoblaze.com/node_modules/bootstrap/dist/js/bootstrap.min.js:6:22540)
    at HTMLDivElement.<anonymous> (https://www.demoblaze.com/node_modules/bootstrap/dist/js/bootstrap.min.js:6:25657)
    at HTMLDivElement.dispatch (https://www.demoblaze.com/node_modules/jquery/dist/jquery.min.js:3:10316)
    at q.handle (https://www.demoblaze.com/node_modules/jquery/dist/jquery.min.js:3:8343)
[  157837ms] [WARNING] VIDEOJS: WARN: A plugin named "reloadSourceOnError" already exists. You may want to avoid re-registering plugins! @ https://www.demoblaze.com/node_modules/video.js/dist/video.min.js:11
[  157842ms] [VERBOSE] [DOM] Input elements should have autocomplete attributes (suggested: "current-password"): (More info: https://goo.gl/9p2vKq) %o @ https://www.demoblaze.com/:0
[  157842ms] [VERBOSE] [DOM] Input elements should have autocomplete attributes (suggested: "current-password"): (More info: https://goo.gl/9p2vKq) %o @ https://www.demoblaze.com/:0
[  158169ms] Error: Modal is transitioning
    at h.hide (https://www.demoblaze.com/node_modules/bootstrap/dist/js/bootstrap.min.js:6:22540)
    at HTMLDivElement.<anonymous> (https://www.demoblaze.com/node_modules/bootstrap/dist/js/bootstrap.min.js:6:25657)
    at HTMLDivElement.dispatch (https://www.demoblaze.com/node_modules/jquery/dist/jquery.min.js:3:10316)
    at q.handle (https://www.demoblaze.com/node_modules/jquery/dist/jquery.min.js:3:8343)
[  204554ms] [WARNING] VIDEOJS: WARN: A plugin named "reloadSourceOnError" already exists. You may want to avoid re-registering plugins! @ https://www.demoblaze.com/node_modules/video.js/dist/video.min.js:11
[  204564ms] [VERBOSE] [DOM] Input elements should have autocomplete attributes (suggested: "current-password"): (More info: https://goo.gl/9p2vKq) %o @ https://www.demoblaze.com/:0
[  204565ms] [VERBOSE] [DOM] Input elements should have autocomplete attributes (suggested: "current-password"): (More info: https://goo.gl/9p2vKq) %o @ https://www.demoblaze.com/:0
[  205803ms] [WARNING] VIDEOJS: WARN: A plugin named "reloadSourceOnError" already exists. You may want to avoid re-registering plugins! @ https://www.demoblaze.com/node_modules/video.js/dist/video.min.js:11
[  206007ms] [VERBOSE] [DOM] Input elements should have autocomplete attributes (suggested: "current-password"): (More info: https://goo.gl/9p2vKq) %o @ https://www.demoblaze.com/prod.html?idp_=1:0
[  206007ms] [VERBOSE] [DOM] Input elements should have autocomplete attributes (suggested: "current-password"): (More info: https://goo.gl/9p2vKq) %o @ https://www.demoblaze.com/prod.html?idp_=1:0
[  207596ms] [WARNING] VIDEOJS: WARN: A plugin named "reloadSourceOnError" already exists. You may want to avoid re-registering plugins! @ https://www.demoblaze.com/node_modules/video.js/dist/video.min.js:11
[  207604ms] [VERBOSE] [DOM] Input elements should have autocomplete attributes (suggested: "current-password"): (More info: https://goo.gl/9p2vKq) %o @ https://www.demoblaze.com/cart.html:0
[  207604ms] [VERBOSE] [DOM] Input elements should have autocomplete attributes (suggested: "current-password"): (More info: https://goo.gl/9p2vKq) %o @ https://www.demoblaze.com/cart.html:0
[  273620ms] [WARNING] VIDEOJS: WARN: A plugin named "reloadSourceOnError" already exists. You may want to avoid re-registering plugins! @ https://www.demoblaze.com/node_modules/video.js/dist/video.min.js:11
[  273628ms] [VERBOSE] [DOM] Input elements should have autocomplete attributes (suggested: "current-password"): (More info: https://goo.gl/9p2vKq) %o @ https://www.demoblaze.com/cart.html:0
[  273629ms] [VERBOSE] [DOM] Input elements should have autocomplete attributes (suggested: "current-password"): (More info: https://goo.gl/9p2vKq) %o @ https://www.demoblaze.com/cart.html:0
[  353392ms] [WARNING] VIDEOJS: WARN: A plugin named "reloadSourceOnError" already exists. You may want to avoid re-registering plugins! @ https://www.demoblaze.com/node_modules/video.js/dist/video.min.js:11
[  353401ms] [VERBOSE] [DOM] Input elements should have autocomplete attributes (suggested: "current-password"): (More info: https://goo.gl/9p2vKq) %o @ https://www.demoblaze.com/cart.html:0
[  353401ms] [VERBOSE] [DOM] Input elements should have autocomplete attributes (suggested: "current-password"): (More info: https://goo.gl/9p2vKq) %o @ https://www.demoblaze.com/cart.html:0
[  459990ms] [WARNING] VIDEOJS: WARN: A plugin named "reloadSourceOnError" already exists. You may want to avoid re-registering plugins! @ https://www.demoblaze.com/node_modules/video.js/dist/video.min.js:11
[  459998ms] [VERBOSE] [DOM] Input elements should have autocomplete attributes (suggested: "current-password"): (More info: https://goo.gl/9p2vKq) %o @ https://www.demoblaze.com/:0
[  459998ms] [VERBOSE] [DOM] Input elements should have autocomplete attributes (suggested: "current-password"): (More info: https://goo.gl/9p2vKq) %o @ https://www.demoblaze.com/:0
[  461266ms] [WARNING] VIDEOJS: WARN: A plugin named "reloadSourceOnError" already exists. You may want to avoid re-registering plugins! @ https://www.demoblaze.com/node_modules/video.js/dist/video.min.js:11
[  461271ms] [VERBOSE] [DOM] Input elements should have autocomplete attributes (suggested: "current-password"): (More info: https://goo.gl/9p2vKq) %o @ https://www.demoblaze.com/prod.html?idp_=1:0
[  461272ms] [VERBOSE] [DOM] Input elements should have autocomplete attributes (suggested: "current-password"): (More info: https://goo.gl/9p2vKq) %o @ https://www.demoblaze.com/prod.html?idp_=1:0
[  462938ms] [WARNING] VIDEOJS: WARN: A plugin named "reloadSourceOnError" already exists. You may want to avoid re-registering plugins! @ https://www.demoblaze.com/node_modules/video.js/dist/video.min.js:11
[  462946ms] [VERBOSE] [DOM] Input elements should have autocomplete attributes (suggested: "current-password"): (More info: https://goo.gl/9p2vKq) %o @ https://www.demoblaze.com/cart.html:0
[  462946ms] [VERBOSE] [DOM] Input elements should have autocomplete attributes (suggested: "current-password"): (More info: https://goo.gl/9p2vKq) %o @ https://www.demoblaze.com/cart.html:0
[  519395ms] [WARNING] VIDEOJS: WARN: A plugin named "reloadSourceOnError" already exists. You may want to avoid re-registering plugins! @ https://www.demoblaze.com/node_modules/video.js/dist/video.min.js:11
[  519403ms] [VERBOSE] [DOM] Input elements should have autocomplete attributes (suggested: "current-password"): (More info: https://goo.gl/9p2vKq) %o @ https://www.demoblaze.com/index.html:0
[  519403ms] [VERBOSE] [DOM] Input elements should have autocomplete attributes (suggested: "current-password"): (More info: https://goo.gl/9p2vKq) %o @ https://www.demoblaze.com/index.html:0
[ 3900239ms] [WARNING] VIDEOJS: WARN: A plugin named "reloadSourceOnError" already exists. You may want to avoid re-registering plugins! @ https://www.demoblaze.com/node_modules/video.js/dist/video.min.js:11
[ 3900248ms] [VERBOSE] [DOM] Input elements should have autocomplete attributes (suggested: "current-password"): (More info: https://goo.gl/9p2vKq) %o @ https://www.demoblaze.com/cart.html:0
[ 3900249ms] [VERBOSE] [DOM] Input elements should have autocomplete attributes (suggested: "current-password"): (More info: https://goo.gl/9p2vKq) %o @ https://www.demoblaze.com/cart.html:0
[32889120ms] [WARNING] VIDEOJS: WARN: A plugin named "reloadSourceOnError" already exists. You may want to avoid re-registering plugins! @ https://www.demoblaze.com/node_modules/video.js/dist/video.min.js:11
[32889154ms] [VERBOSE] [DOM] Input elements should have autocomplete attributes (suggested: "current-password"): (More info: https://goo.gl/9p2vKq) %o @ https://www.demoblaze.com/:0
[32889157ms] [VERBOSE] [DOM] Input elements should have autocomplete attributes (suggested: "current-password"): (More info: https://goo.gl/9p2vKq) %o @ https://www.demoblaze.com/:0
[32890625ms] [WARNING] VIDEOJS: WARN: A plugin named "reloadSourceOnError" already exists. You may want to avoid re-registering plugins! @ https://www.demoblaze.com/node_modules/video.js/dist/video.min.js:11
[32890817ms] [VERBOSE] [DOM] Input elements should have autocomplete attributes (suggested: "current-password"): (More info: https://goo.gl/9p2vKq) %o @ https://www.demoblaze.com/prod.html?idp_=1:0
[32890817ms] [VERBOSE] [DOM] Input elements should have autocomplete attributes (suggested: "current-password"): (More info: https://goo.gl/9p2vKq) %o @ https://www.demoblaze.com/prod.html?idp_=1:0
[32905105ms] [WARNING] VIDEOJS: WARN: A plugin named "reloadSourceOnError" already exists. You may want to avoid re-registering plugins! @ https://www.demoblaze.com/node_modules/video.js/dist/video.min.js:11
[32905121ms] [VERBOSE] [DOM] Input elements should have autocomplete attributes (suggested: "current-password"): (More info: https://goo.gl/9p2vKq) %o @ https://www.demoblaze.com/cart.html:0
[32905121ms] [VERBOSE] [DOM] Input elements should have autocomplete attributes (suggested: "current-password"): (More info: https://goo.gl/9p2vKq) %o @ https://www.demoblaze.com/cart.html:0
[32920922ms] [WARNING] VIDEOJS: WARN: A plugin named "reloadSourceOnError" already exists. You may want to avoid re-registering plugins! @ https://www.demoblaze.com/node_modules/video.js/dist/video.min.js:11
[32920941ms] [VERBOSE] [DOM] Input elements should have autocomplete attributes (suggested: "current-password"): (More info: https://goo.gl/9p2vKq) %o @ https://www.demoblaze.com/:0
[32920941ms] [VERBOSE] [DOM] Input elements should have autocomplete attributes (suggested: "current-password"): (More info: https://goo.gl/9p2vKq) %o @ https://www.demoblaze.com/:0
[32922200ms] [WARNING] VIDEOJS: WARN: A plugin named "reloadSourceOnError" already exists. You may want to avoid re-registering plugins! @ https://www.demoblaze.com/node_modules/video.js/dist/video.min.js:11
[32922341ms] [VERBOSE] [DOM] Input elements should have autocomplete attributes (suggested: "current-password"): (More info: https://goo.gl/9p2vKq) %o @ https://www.demoblaze.com/prod.html?idp_=1:0
[32922341ms] [VERBOSE] [DOM] Input elements should have autocomplete attributes (suggested: "current-password"): (More info: https://goo.gl/9p2vKq) %o @ https://www.demoblaze.com/prod.html?idp_=1:0
[32924839ms] [WARNING] VIDEOJS: WARN: A plugin named "reloadSourceOnError" already exists. You may want to avoid re-registering plugins! @ https://www.demoblaze.com/node_modules/video.js/dist/video.min.js:11
[32925023ms] [VERBOSE] [DOM] Input elements should have autocomplete attributes (suggested: "current-password"): (More info: https://goo.gl/9p2vKq) %o @ https://www.demoblaze.com/cart.html:0
[32925023ms] [VERBOSE] [DOM] Input elements should have autocomplete attributes (suggested: "current-password"): (More info: https://goo.gl/9p2vKq) %o @ https://www.demoblaze.com/cart.html:0
[32929752ms] [WARNING] VIDEOJS: WARN: A plugin named "reloadSourceOnError" already exists. You may want to avoid re-registering plugins! @ https://www.demoblaze.com/node_modules/video.js/dist/video.min.js:11
[32929761ms] [VERBOSE] [DOM] Input elements should have autocomplete attributes (suggested: "current-password"): (More info: https://goo.gl/9p2vKq) %o @ https://www.demoblaze.com/index.html:0
[32929761ms] [VERBOSE] [DOM] Input elements should have autocomplete attributes (suggested: "current-password"): (More info: https://goo.gl/9p2vKq) %o @ https://www.demoblaze.com/index.html:0
[32935095ms] [WARNING] VIDEOJS: WARN: A plugin named "reloadSourceOnError" already exists. You may want to avoid re-registering plugins! @ https://www.demoblaze.com/node_modules/video.js/dist/video.min.js:11
[32935106ms] [VERBOSE] [DOM] Input elements should have autocomplete attributes (suggested: "current-password"): (More info: https://goo.gl/9p2vKq) %o @ https://www.demoblaze.com/cart.html:0
[32935106ms] [VERBOSE] [DOM] Input elements should have autocomplete attributes (suggested: "current-password"): (More info: https://goo.gl/9p2vKq) %o @ https://www.demoblaze.com/cart.html:0
[32939908ms] [WARNING] VIDEOJS: WARN: A plugin named "reloadSourceOnError" already exists. You may want to avoid re-registering plugins! @ https://www.demoblaze.com/node_modules/video.js/dist/video.min.js:11
[32939979ms] [VERBOSE] [DOM] Input elements should have autocomplete attributes (suggested: "current-password"): (More info: https://goo.gl/9p2vKq) %o @ https://www.demoblaze.com/index.html:0
[32939979ms] [VERBOSE] [DOM] Input elements should have autocomplete attributes (suggested: "current-password"): (More info: https://goo.gl/9p2vKq) %o @ https://www.demoblaze.com/index.html:0
[32954227ms] [WARNING] VIDEOJS: WARN: A plugin named "reloadSourceOnError" already exists. You may want to avoid re-registering plugins! @ https://www.demoblaze.com/node_modules/video.js/dist/video.min.js:11
[32954238ms] [VERBOSE] [DOM] Input elements should have autocomplete attributes (suggested: "current-password"): (More info: https://goo.gl/9p2vKq) %o @ https://www.demoblaze.com/:0
[32954238ms] [VERBOSE] [DOM] Input elements should have autocomplete attributes (suggested: "current-password"): (More info: https://goo.gl/9p2vKq) %o @ https://www.demoblaze.com/:0
[32955643ms] [WARNING] VIDEOJS: WARN: A plugin named "reloadSourceOnError" already exists. You may want to avoid re-registering plugins! @ https://www.demoblaze.com/node_modules/video.js/dist/video.min.js:11
[32955830ms] [VERBOSE] [DOM] Input elements should have autocomplete attributes (suggested: "current-password"): (More info: https://goo.gl/9p2vKq) %o @ https://www.demoblaze.com/prod.html?idp_=1:0
[32955830ms] [VERBOSE] [DOM] Input elements should have autocomplete attributes (suggested: "current-password"): (More info: https://goo.gl/9p2vKq) %o @ https://www.demoblaze.com/prod.html?idp_=1:0
[32958336ms] [WARNING] VIDEOJS: WARN: A plugin named "reloadSourceOnError" already exists. You may want to avoid re-registering plugins! @ https://www.demoblaze.com/node_modules/video.js/dist/video.min.js:11
[32958346ms] [VERBOSE] [DOM] Input elements should have autocomplete attributes (suggested: "current-password"): (More info: https://goo.gl/9p2vKq) %o @ https://www.demoblaze.com/cart.html:0
[32958346ms] [VERBOSE] [DOM] Input elements should have autocomplete attributes (suggested: "current-password"): (More info: https://goo.gl/9p2vKq) %o @ https://www.demoblaze.com/cart.html:0
[32960926ms] [WARNING] VIDEOJS: WARN: A plugin named "reloadSourceOnError" already exists. You may want to avoid re-registering plugins! @ https://www.demoblaze.com/node_modules/video.js/dist/video.min.js:11
[32960931ms] [VERBOSE] [DOM] Input elements should have autocomplete attributes (suggested: "current-password"): (More info: https://goo.gl/9p2vKq) %o @ https://www.demoblaze.com/index.html:0
[32960931ms] [VERBOSE] [DOM] Input elements should have autocomplete attributes (suggested: "current-password"): (More info: https://goo.gl/9p2vKq) %o @ https://www.demoblaze.com/index.html:0
[32961552ms] [WARNING] VIDEOJS: WARN: A plugin named "reloadSourceOnError" already exists. You may want to avoid re-registering plugins! @ https://www.demoblaze.com/node_modules/video.js/dist/video.min.js:11
[32961557ms] [VERBOSE] [DOM] Input elements should have autocomplete attributes (suggested: "current-password"): (More info: https://goo.gl/9p2vKq) %o @ https://www.demoblaze.com/:0
[32961557ms] [VERBOSE] [DOM] Input elements should have autocomplete attributes (suggested: "current-password"): (More info: https://goo.gl/9p2vKq) %o @ https://www.demoblaze.com/:0
[32962051ms] [WARNING] VIDEOJS: WARN: A plugin named "reloadSourceOnError" already exists. You may want to avoid re-registering plugins! @ https://www.demoblaze.com/node_modules/video.js/dist/video.min.js:11
[32962057ms] [VERBOSE] [DOM] Input elements should have autocomplete attributes (suggested: "current-password"): (More info: https://goo.gl/9p2vKq) %o @ https://www.demoblaze.com/prod.html?idp_=1:0
[32962057ms] [VERBOSE] [DOM] Input elements should have autocomplete attributes (suggested: "current-password"): (More info: https://goo.gl/9p2vKq) %o @ https://www.demoblaze.com/prod.html?idp_=1:0
[32964237ms] [WARNING] VIDEOJS: WARN: A plugin named "reloadSourceOnError" already exists. You may want to avoid re-registering plugins! @ https://www.demoblaze.com/node_modules/video.js/dist/video.min.js:11
[32964244ms] [VERBOSE] [DOM] Input elements should have autocomplete attributes (suggested: "current-password"): (More info: https://goo.gl/9p2vKq) %o @ https://www.demoblaze.com/cart.html:0
[32964244ms] [VERBOSE] [DOM] Input elements should have autocomplete attributes (suggested: "current-password"): (More info: https://goo.gl/9p2vKq) %o @ https://www.demoblaze.com/cart.html:0
[32966749ms] [WARNING] VIDEOJS: WARN: A plugin named "reloadSourceOnError" already exists. You may want to avoid re-registering plugins! @ https://www.demoblaze.com/node_modules/video.js/dist/video.min.js:11
[32966756ms] [VERBOSE] [DOM] Input elements should have autocomplete attributes (suggested: "current-password"): (More info: https://goo.gl/9p2vKq) %o @ https://www.demoblaze.com/index.html:0
[32966756ms] [VERBOSE] [DOM] Input elements should have autocomplete attributes (suggested: "current-password"): (More info: https://goo.gl/9p2vKq) %o @ https://www.demoblaze.com/index.html:0
[32985099ms] [WARNING] VIDEOJS: WARN: A plugin named "reloadSourceOnError" already exists. You may want to avoid re-registering plugins! @ https://www.demoblaze.com/node_modules/video.js/dist/video.min.js:11
[32985107ms] [VERBOSE] [DOM] Input elements should have autocomplete attributes (suggested: "current-password"): (More info: https://goo.gl/9p2vKq) %o @ https://www.demoblaze.com/:0
[32985107ms] [VERBOSE] [DOM] Input elements should have autocomplete attributes (suggested: "current-password"): (More info: https://goo.gl/9p2vKq) %o @ https://www.demoblaze.com/:0
[32986355ms] [WARNING] VIDEOJS: WARN: A plugin named "reloadSourceOnError" already exists. You may want to avoid re-registering plugins! @ https://www.demoblaze.com/node_modules/video.js/dist/video.min.js:11
[32986556ms] [VERBOSE] [DOM] Input elements should have autocomplete attributes (suggested: "current-password"): (More info: https://goo.gl/9p2vKq) %o @ https://www.demoblaze.com/prod.html?idp_=1:0
[32986556ms] [VERBOSE] [DOM] Input elements should have autocomplete attributes (suggested: "current-password"): (More info: https://goo.gl/9p2vKq) %o @ https://www.demoblaze.com/prod.html?idp_=1:0
[32989027ms] [WARNING] VIDEOJS: WARN: A plugin named "reloadSourceOnError" already exists. You may want to avoid re-registering plugins! @ https://www.demoblaze.com/node_modules/video.js/dist/video.min.js:11
[32989033ms] [VERBOSE] [DOM] Input elements should have autocomplete attributes (suggested: "current-password"): (More info: https://goo.gl/9p2vKq) %o @ https://www.demoblaze.com/cart.html:0
[32989033ms] [VERBOSE] [DOM] Input elements should have autocomplete attributes (suggested: "current-password"): (More info: https://goo.gl/9p2vKq) %o @ https://www.demoblaze.com/cart.html:0
[33069241ms] [WARNING] VIDEOJS: WARN: A plugin named "reloadSourceOnError" already exists. You may want to avoid re-registering plugins! @ https://www.demoblaze.com/node_modules/video.js/dist/video.min.js:11
[33069248ms] [VERBOSE] [DOM] Input elements should have autocomplete attributes (suggested: "current-password"): (More info: https://goo.gl/9p2vKq) %o @ https://www.demoblaze.com/prod.html?idp_=1:0
[33069248ms] [VERBOSE] [DOM] Input elements should have autocomplete attributes (suggested: "current-password"): (More info: https://goo.gl/9p2vKq) %o @ https://www.demoblaze.com/prod.html?idp_=1:0
[33070976ms] [WARNING] VIDEOJS: WARN: A plugin named "reloadSourceOnError" already exists. You may want to avoid re-registering plugins! @ https://www.demoblaze.com/node_modules/video.js/dist/video.min.js:11
[33070984ms] [VERBOSE] [DOM] Input elements should have autocomplete attributes (suggested: "current-password"): (More info: https://goo.gl/9p2vKq) %o @ https://www.demoblaze.com/cart.html:0
[33070984ms] [VERBOSE] [DOM] Input elements should have autocomplete attributes (suggested: "current-password"): (More info: https://goo.gl/9p2vKq) %o @ https://www.demoblaze.com/cart.html:0
[33072617ms] [WARNING] VIDEOJS: WARN: A plugin named "reloadSourceOnError" already exists. You may want to avoid re-registering plugins! @ https://www.demoblaze.com/node_modules/video.js/dist/video.min.js:11
[33072622ms] [VERBOSE] [DOM] Input elements should have autocomplete attributes (suggested: "current-password"): (More info: https://goo.gl/9p2vKq) %o @ https://www.demoblaze.com/prod.html?idp_=1:0
[33072622ms] [VERBOSE] [DOM] Input elements should have autocomplete attributes (suggested: "current-password"): (More info: https://goo.gl/9p2vKq) %o @ https://www.demoblaze.com/prod.html?idp_=1:0
[33073943ms] [WARNING] VIDEOJS: WARN: A plugin named "reloadSourceOnError" already exists. You may want to avoid re-registering plugins! @ https://www.demoblaze.com/node_modules/video.js/dist/video.min.js:11
[33073947ms] [VERBOSE] [DOM] Input elements should have autocomplete attributes (suggested: "current-password"): (More info: https://goo.gl/9p2vKq) %o @ https://www.demoblaze.com/cart.html:0
[33073948ms] [VERBOSE] [DOM] Input elements should have autocomplete attributes (suggested: "current-password"): (More info: https://goo.gl/9p2vKq) %o @ https://www.demoblaze.com/cart.html:0
[33075584ms] [WARNING] VIDEOJS: WARN: A plugin named "reloadSourceOnError" already exists. You may want to avoid re-registering plugins! @ https://www.demoblaze.com/node_modules/video.js/dist/video.min.js:11
[33075589ms] [VERBOSE] [DOM] Input elements should have autocomplete attributes (suggested: "current-password"): (More info: https://goo.gl/9p2vKq) %o @ https://www.demoblaze.com/prod.html?idp_=1:0
[33075589ms] [VERBOSE] [DOM] Input elements should have autocomplete attributes (suggested: "current-password"): (More info: https://goo.gl/9p2vKq) %o @ https://www.demoblaze.com/prod.html?idp_=1:0
[33076898ms] [WARNING] VIDEOJS: WARN: A plugin named "reloadSourceOnError" already exists. You may want to avoid re-registering plugins! @ https://www.demoblaze.com/node_modules/video.js/dist/video.min.js:11
[33076901ms] [VERBOSE] [DOM] Input elements should have autocomplete attributes (suggested: "current-password"): (More info: https://goo.gl/9p2vKq) %o @ https://www.demoblaze.com/cart.html:0
[33076901ms] [VERBOSE] [DOM] Input elements should have autocomplete attributes (suggested: "current-password"): (More info: https://goo.gl/9p2vKq) %o @ https://www.demoblaze.com/cart.html:0
[33106439ms] [WARNING] VIDEOJS: WARN: A plugin named "reloadSourceOnError" already exists. You may want to avoid re-registering plugins! @ https://www.demoblaze.com/node_modules/video.js/dist/video.min.js:11
[33106448ms] [VERBOSE] [DOM] Input elements should have autocomplete attributes (suggested: "current-password"): (More info: https://goo.gl/9p2vKq) %o @ https://www.demoblaze.com/prod.html?idp_=1:0
[33106448ms] [VERBOSE] [DOM] Input elements should have autocomplete attributes (suggested: "current-password"): (More info: https://goo.gl/9p2vKq) %o @ https://www.demoblaze.com/prod.html?idp_=1:0
[33147731ms] [WARNING] VIDEOJS: WARN: A plugin named "reloadSourceOnError" already exists. You may want to avoid re-registering plugins! @ https://www.demoblaze.com/node_modules/video.js/dist/video.min.js:11
[33147738ms] [VERBOSE] [DOM] Input elements should have autocomplete attributes (suggested: "current-password"): (More info: https://goo.gl/9p2vKq) %o @ https://www.demoblaze.com/prod.html?idp_=1:0
[33147738ms] [VERBOSE] [DOM] Input elements should have autocomplete attributes (suggested: "current-password"): (More info: https://goo.gl/9p2vKq) %o @ https://www.demoblaze.com/prod.html?idp_=1:0
[33150315ms] [WARNING] VIDEOJS: WARN: A plugin named "reloadSourceOnError" already exists. You may want to avoid re-registering plugins! @ https://www.demoblaze.com/node_modules/video.js/dist/video.min.js:11
[33150326ms] [VERBOSE] [DOM] Input elements should have autocomplete attributes (suggested: "current-password"): (More info: https://goo.gl/9p2vKq) %o @ https://www.demoblaze.com/cart.html:0
[33150326ms] [VERBOSE] [DOM] Input elements should have autocomplete attributes (suggested: "current-password"): (More info: https://goo.gl/9p2vKq) %o @ https://www.demoblaze.com/cart.html:0
[33151828ms] [WARNING] VIDEOJS: WARN: A plugin named "reloadSourceOnError" already exists. You may want to avoid re-registering plugins! @ https://www.demoblaze.com/node_modules/video.js/dist/video.min.js:11
[33151832ms] [VERBOSE] [DOM] Input elements should have autocomplete attributes (suggested: "current-password"): (More info: https://goo.gl/9p2vKq) %o @ https://www.demoblaze.com/prod.html?idp_=1:0
[33151832ms] [VERBOSE] [DOM] Input elements should have autocomplete attributes (suggested: "current-password"): (More info: https://goo.gl/9p2vKq) %o @ https://www.demoblaze.com/prod.html?idp_=1:0
[33153724ms] [WARNING] VIDEOJS: WARN: A plugin named "reloadSourceOnError" already exists. You may want to avoid re-registering plugins! @ https://www.demoblaze.com/node_modules/video.js/dist/video.min.js:11
[33153730ms] [VERBOSE] [DOM] Input elements should have autocomplete attributes (suggested: "current-password"): (More info: https://goo.gl/9p2vKq) %o @ https://www.demoblaze.com/cart.html:0
[33153730ms] [VERBOSE] [DOM] Input elements should have autocomplete attributes (suggested: "current-password"): (More info: https://goo.gl/9p2vKq) %o @ https://www.demoblaze.com/cart.html:0
[33200812ms] [WARNING] VIDEOJS: WARN: A plugin named "reloadSourceOnError" already exists. You may want to avoid re-registering plugins! @ https://www.demoblaze.com/node_modules/video.js/dist/video.min.js:11
[33200819ms] [VERBOSE] [DOM] Input elements should have autocomplete attributes (suggested: "current-password"): (More info: https://goo.gl/9p2vKq) %o @ https://www.demoblaze.com/prod.html?idp_=1:0
[33200819ms] [VERBOSE] [DOM] Input elements should have autocomplete attributes (suggested: "current-password"): (More info: https://goo.gl/9p2vKq) %o @ https://www.demoblaze.com/prod.html?idp_=1:0
[33203412ms] [WARNING] VIDEOJS: WARN: A plugin named "reloadSourceOnError" already exists. You may want to avoid re-registering plugins! @ https://www.demoblaze.com/node_modules/video.js/dist/video.min.js:11
[33203417ms] [VERBOSE] [DOM] Input elements should have autocomplete attributes (suggested: "current-password"): (More info: https://goo.gl/9p2vKq) %o @ https://www.demoblaze.com/cart.html:0
[33203417ms] [VERBOSE] [DOM] Input elements should have autocomplete attributes (suggested: "current-password"): (More info: https://goo.gl/9p2vKq) %o @ https://www.demoblaze.com/cart.html:0
[33243465ms] [WARNING] VIDEOJS: WARN: A plugin named "reloadSourceOnError" already exists. You may want to avoid re-registering plugins! @ https://www.demoblaze.com/node_modules/video.js/dist/video.min.js:11
[33243473ms] [VERBOSE] [DOM] Input elements should have autocomplete attributes (suggested: "current-password"): (More info: https://goo.gl/9p2vKq) %o @ https://www.demoblaze.com/prod.html?idp_=1:0
[33243473ms] [VERBOSE] [DOM] Input elements should have autocomplete attributes (suggested: "current-password"): (More info: https://goo.gl/9p2vKq) %o @ https://www.demoblaze.com/prod.html?idp_=1:0
[33245428ms] [WARNING] VIDEOJS: WARN: A plugin named "reloadSourceOnError" already exists. You may want to avoid re-registering plugins! @ https://www.demoblaze.com/node_modules/video.js/dist/video.min.js:11
[33245433ms] [VERBOSE] [DOM] Input elements should have autocomplete attributes (suggested: "current-password"): (More info: https://goo.gl/9p2vKq) %o @ https://www.demoblaze.com/cart.html:0
[33245433ms] [VERBOSE] [DOM] Input elements should have autocomplete attributes (suggested: "current-password"): (More info: https://goo.gl/9p2vKq) %o @ https://www.demoblaze.com/cart.html:0
[33247050ms] [WARNING] VIDEOJS: WARN: A plugin named "reloadSourceOnError" already exists. You may want to avoid re-registering plugins! @ https://www.demoblaze.com/node_modules/video.js/dist/video.min.js:11
[33247054ms] [VERBOSE] [DOM] Input elements should have autocomplete attributes (suggested: "current-password"): (More info: https://goo.gl/9p2vKq) %o @ https://www.demoblaze.com/prod.html?idp_=1:0
[33247054ms] [VERBOSE] [DOM] Input elements should have autocomplete attributes (suggested: "current-password"): (More info: https://goo.gl/9p2vKq) %o @ https://www.demoblaze.com/prod.html?idp_=1:0
[33248036ms] [WARNING] VIDEOJS: WARN: A plugin named "reloadSourceOnError" already exists. You may want to avoid re-registering plugins! @ https://www.demoblaze.com/node_modules/video.js/dist/video.min.js:11
[33248042ms] [VERBOSE] [DOM] Input elements should have autocomplete attributes (suggested: "current-password"): (More info: https://goo.gl/9p2vKq) %o @ https://www.demoblaze.com/cart.html:0
[33248042ms] [VERBOSE] [DOM] Input elements should have autocomplete attributes (suggested: "current-password"): (More info: https://goo.gl/9p2vKq) %o @ https://www.demoblaze.com/cart.html:0
[33249526ms] [WARNING] VIDEOJS: WARN: A plugin named "reloadSourceOnError" already exists. You may want to avoid re-registering plugins! @ https://www.demoblaze.com/node_modules/video.js/dist/video.min.js:11
[33249529ms] [VERBOSE] [DOM] Input elements should have autocomplete attributes (suggested: "current-password"): (More info: https://goo.gl/9p2vKq) %o @ https://www.demoblaze.com/prod.html?idp_=1:0
[33249529ms] [VERBOSE] [DOM] Input elements should have autocomplete attributes (suggested: "current-password"): (More info: https://goo.gl/9p2vKq) %o @ https://www.demoblaze.com/prod.html?idp_=1:0
[33251025ms] [WARNING] VIDEOJS: WARN: A plugin named "reloadSourceOnError" already exists. You may want to avoid re-registering plugins! @ https://www.demoblaze.com/node_modules/video.js/dist/video.min.js:11
[33251029ms] [VERBOSE] [DOM] Input elements should have autocomplete attributes (suggested: "current-password"): (More info: https://goo.gl/9p2vKq) %o @ https://www.demoblaze.com/cart.html:0
[33251029ms] [VERBOSE] [DOM] Input elements should have autocomplete attributes (suggested: "current-password"): (More info: https://goo.gl/9p2vKq) %o @ https://www.demoblaze.com/cart.html:0
[33274048ms] [WARNING] VIDEOJS: WARN: A plugin named "reloadSourceOnError" already exists. You may want to avoid re-registering plugins! @ https://www.demoblaze.com/node_modules/video.js/dist/video.min.js:11
[33274059ms] [VERBOSE] [DOM] Input elements should have autocomplete attributes (suggested: "current-password"): (More info: https://goo.gl/9p2vKq) %o @ https://www.demoblaze.com/prod.html?idp_=1:0
[33274059ms] [VERBOSE] [DOM] Input elements should have autocomplete attributes (suggested: "current-password"): (More info: https://goo.gl/9p2vKq) %o @ https://www.demoblaze.com/prod.html?idp_=1:0
[33276262ms] [WARNING] VIDEOJS: WARN: A plugin named "reloadSourceOnError" already exists. You may want to avoid re-registering plugins! @ https://www.demoblaze.com/node_modules/video.js/dist/video.min.js:11
[33276269ms] [VERBOSE] [DOM] Input elements should have autocomplete attributes (suggested: "current-password"): (More info: https://goo.gl/9p2vKq) %o @ https://www.demoblaze.com/cart.html:0
[33276269ms] [VERBOSE] [DOM] Input elements should have autocomplete attributes (suggested: "current-password"): (More info: https://goo.gl/9p2vKq) %o @ https://www.demoblaze.com/cart.html:0
[33279092ms] [ERROR] Failed to load resource: net::ERR_INSUFFICIENT_RESOURCES @ https://api.demoblaze.com/view:0
[33279092ms] [ERROR] Failed to load resource: net::ERR_INSUFFICIENT_RESOURCES @ https://api.demoblaze.com/view:0
[33279092ms] [ERROR] Failed to load resource: net::ERR_INSUFFICIENT_RESOURCES @ https://api.demoblaze.com/view:0
[33279093ms] [ERROR] Failed to load resource: net::ERR_INSUFFICIENT_RESOURCES @ https://api.demoblaze.com/view:0
[33279093ms] [ERROR] Failed to load resource: net::ERR_INSUFFICIENT_RESOURCES @ https://api.demoblaze.com/view:0
[33279093ms] [ERROR] Failed to load resource: net::ERR_INSUFFICIENT_RESOURCES @ https://api.demoblaze.com/view:0
[33279093ms] [ERROR] Failed to load resource: net::ERR_INSUFFICIENT_RESOURCES @ https://api.demoblaze.com/view:0
[33279093ms] [ERROR] Failed to load resource: net::ERR_INSUFFICIENT_RESOURCES @ https://api.demoblaze.com/view:0
[33279093ms] [ERROR] Failed to load resource: net::ERR_INSUFFICIENT_RESOURCES @ https://api.demoblaze.com/view:0
[33279094ms] [ERROR] Failed to load resource: net::ERR_INSUFFICIENT_RESOURCES @ https://api.demoblaze.com/view:0
[33279094ms] [ERROR] Failed to load resource: net::ERR_INSUFFICIENT_RESOURCES @ https://api.demoblaze.com/view:0
[33279094ms] [ERROR] Failed to load resource: net::ERR_INSUFFICIENT_RESOURCES @ https://api.demoblaze.com/view:0
[33279094ms] [ERROR] Failed to load resource: net::ERR_INSUFFICIENT_RESOURCES @ https://api.demoblaze.com/view:0
[33279094ms] [ERROR] Failed to load resource: net::ERR_INSUFFICIENT_RESOURCES @ https://api.demoblaze.com/view:0
[33279095ms] [ERROR] Failed to load resource: net::ERR_INSUFFICIENT_RESOURCES @ https://api.demoblaze.com/view:0
[33279095ms] [ERROR] Failed to load resource: net::ERR_INSUFFICIENT_RESOURCES @ https://api.demoblaze.com/view:0
[33279095ms] [ERROR] Failed to load resource: net::ERR_INSUFFICIENT_RESOURCES @ https://api.demoblaze.com/view:0
[33279095ms] [ERROR] Failed to load resource: net::ERR_INSUFFICIENT_RESOURCES @ https://api.demoblaze.com/view:0
[33279095ms] [ERROR] Failed to load resource: net::ERR_INSUFFICIENT_RESOURCES @ https://api.demoblaze.com/view:0
[33279095ms] [ERROR] Failed to load resource: net::ERR_INSUFFICIENT_RESOURCES @ https://api.demoblaze.com/view:0
[33279095ms] [ERROR] Failed to load resource: net::ERR_INSUFFICIENT_RESOURCES @ https://api.demoblaze.com/view:0
[33279096ms] [ERROR] Failed to load resource: net::ERR_INSUFFICIENT_RESOURCES @ https://api.demoblaze.com/view:0
[33279096ms] [ERROR] Failed to load resource: net::ERR_INSUFFICIENT_RESOURCES @ https://api.demoblaze.com/view:0
[33279096ms] [ERROR] Failed to load resource: net::ERR_INSUFFICIENT_RESOURCES @ https://api.demoblaze.com/view:0
[33279097ms] [ERROR] Failed to load resource: net::ERR_INSUFFICIENT_RESOURCES @ https://api.demoblaze.com/view:0
[33279097ms] [ERROR] Failed to load resource: net::ERR_INSUFFICIENT_RESOURCES @ https://api.demoblaze.com/view:0
[33279097ms] [ERROR] Failed to load resource: net::ERR_INSUFFICIENT_RESOURCES @ https://api.demoblaze.com/view:0
[33279098ms] [ERROR] Failed to load resource: net::ERR_INSUFFICIENT_RESOURCES @ https://api.demoblaze.com/view:0
[33279098ms] [ERROR] Failed to load resource: net::ERR_INSUFFICIENT_RESOURCES @ https://api.demoblaze.com/view:0
[33279098ms] [ERROR] Failed to load resource: net::ERR_INSUFFICIENT_RESOURCES @ https://api.demoblaze.com/view:0
[33279099ms] [ERROR] Failed to load resource: net::ERR_INSUFFICIENT_RESOURCES @ https://api.demoblaze.com/view:0
[33279099ms] [ERROR] Failed to load resource: net::ERR_INSUFFICIENT_RESOURCES @ https://api.demoblaze.com/view:0
[33279099ms] [ERROR] Failed to load resource: net::ERR_INSUFFICIENT_RESOURCES @ https://api.demoblaze.com/view:0
[33279099ms] [ERROR] Failed to load resource: net::ERR_INSUFFICIENT_RESOURCES @ https://api.demoblaze.com/view:0
[33279099ms] [ERROR] Failed to load resource: net::ERR_INSUFFICIENT_RESOURCES @ https://api.demoblaze.com/view:0
[33279099ms] [ERROR] Failed to load resource: net::ERR_INSUFFICIENT_RESOURCES @ https://api.demoblaze.com/view:0
[33279099ms] [ERROR] Failed to load resource: net::ERR_INSUFFICIENT_RESOURCES @ https://api.demoblaze.com/view:0
[33279099ms] [ERROR] Failed to load resource: net::ERR_INSUFFICIENT_RESOURCES @ https://api.demoblaze.com/view:0
[33279100ms] [ERROR] Failed to load resource: net::ERR_INSUFFICIENT_RESOURCES @ https://api.demoblaze.com/view:0
[33279100ms] [ERROR] Failed to load resource: net::ERR_INSUFFICIENT_RESOURCES @ https://api.demoblaze.com/view:0
[33279100ms] [ERROR] Failed to load resource: net::ERR_INSUFFICIENT_RESOURCES @ https://api.demoblaze.com/view:0
[33279100ms] [ERROR] Failed to load resource: net::ERR_INSUFFICIENT_RESOURCES @ https://api.demoblaze.com/view:0
[33279100ms] [ERROR] Failed to load resource: net::ERR_INSUFFICIENT_RESOURCES @ https://api.demoblaze.com/view:0
[33279100ms] [ERROR] Failed to load resource: net::ERR_INSUFFICIENT_RESOURCES @ https://api.demoblaze.com/view:0
[33279100ms] [ERROR] Failed to load resource: net::ERR_INSUFFICIENT_RESOURCES @ https://api.demoblaze.com/view:0
[33279100ms] [ERROR] Failed to load resource: net::ERR_INSUFFICIENT_RESOURCES @ https://api.demoblaze.com/view:0
[33279101ms] [ERROR] Failed to load resource: net::ERR_INSUFFICIENT_RESOURCES @ https://api.demoblaze.com/view:0
[33279101ms] [ERROR] Failed to load resource: net::ERR_INSUFFICIENT_RESOURCES @ https://api.demoblaze.com/view:0
[33279101ms] [ERROR] Failed to load resource: net::ERR_INSUFFICIENT_RESOURCES @ https://api.demoblaze.com/view:0
[33279101ms] [ERROR] Failed to load resource: net::ERR_INSUFFICIENT_RESOURCES @ https://api.demoblaze.com/view:0
[33279101ms] [ERROR] Failed to load resource: net::ERR_INSUFFICIENT_RESOURCES @ https://api.demoblaze.com/view:0
[33279101ms] [ERROR] Failed to load resource: net::ERR_INSUFFICIENT_RESOURCES @ https://api.demoblaze.com/view:0
[33279101ms] [ERROR] Failed to load resource: net::ERR_INSUFFICIENT_RESOURCES @ https://api.demoblaze.com/view:0
[33279101ms] [ERROR] Failed to load resource: net::ERR_INSUFFICIENT_RESOURCES @ https://api.demoblaze.com/view:0
[33279102ms] [ERROR] Failed to load resource: net::ERR_INSUFFICIENT_RESOURCES @ https://api.demoblaze.com/view:0
[33279102ms] [ERROR] Failed to load resource: net::ERR_INSUFFICIENT_RESOURCES @ https://api.demoblaze.com/view:0
[33279102ms] [ERROR] Failed to load resource: net::ERR_INSUFFICIENT_RESOURCES @ https://api.demoblaze.com/view:0
[33279102ms] [ERROR] Failed to load resource: net::ERR_INSUFFICIENT_RESOURCES @ https://api.demoblaze.com/view:0
[33279102ms] [ERROR] Failed to load resource: net::ERR_INSUFFICIENT_RESOURCES @ https://api.demoblaze.com/view:0
[33279102ms] [ERROR] Failed to load resource: net::ERR_INSUFFICIENT_RESOURCES @ https://api.demoblaze.com/view:0
[33279102ms] [ERROR] Failed to load resource: net::ERR_INSUFFICIENT_RESOURCES @ https://api.demoblaze.com/view:0
[33279103ms] [ERROR] Failed to load resource: net::ERR_INSUFFICIENT_RESOURCES @ https://api.demoblaze.com/view:0
[33279103ms] [ERROR] Failed to load resource: net::ERR_INSUFFICIENT_RESOURCES @ https://api.demoblaze.com/view:0
[33279103ms] [ERROR] Failed to load resource: net::ERR_INSUFFICIENT_RESOURCES @ https://api.demoblaze.com/view:0
[33279103ms] [ERROR] Failed to load resource: net::ERR_INSUFFICIENT_RESOURCES @ https://api.demoblaze.com/view:0
[33279103ms] [ERROR] Failed to load resource: net::ERR_INSUFFICIENT_RESOURCES @ https://api.demoblaze.com/view:0
[33279103ms] [ERROR] Failed to load resource: net::ERR_INSUFFICIENT_RESOURCES @ https://api.demoblaze.com/view:0
[33279104ms] [ERROR] Failed to load resource: net::ERR_INSUFFICIENT_RESOURCES @ https://api.demoblaze.com/view:0
[33279104ms] [ERROR] Failed to load resource: net::ERR_INSUFFICIENT_RESOURCES @ https://api.demoblaze.com/view:0
[33279104ms] [ERROR] Failed to load resource: net::ERR_INSUFFICIENT_RESOURCES @ https://api.demoblaze.com/view:0
[33279104ms] [ERROR] Failed to load resource: net::ERR_INSUFFICIENT_RESOURCES @ https://api.demoblaze.com/view:0
[33279104ms] [ERROR] Failed to load resource: net::ERR_INSUFFICIENT_RESOURCES @ https://api.demoblaze.com/view:0
[33279105ms] [ERROR] Failed to load resource: net::ERR_INSUFFICIENT_RESOURCES @ https://api.demoblaze.com/view:0
[33279105ms] [ERROR] Failed to load resource: net::ERR_INSUFFICIENT_RESOURCES @ https://api.demoblaze.com/view:0
[33279106ms] [ERROR] Failed to load resource: net::ERR_INSUFFICIENT_RESOURCES @ https://api.demoblaze.com/view:0
[33279107ms] [ERROR] Failed to load resource: net::ERR_INSUFFICIENT_RESOURCES @ https://api.demoblaze.com/view:0
[33279107ms] [ERROR] Failed to load resource: net::ERR_INSUFFICIENT_RESOURCES @ https://api.demoblaze.com/view:0
[33279107ms] [ERROR] Failed to load resource: net::ERR_INSUFFICIENT_RESOURCES @ https://api.demoblaze.com/view:0
[33279107ms] [ERROR] Failed to load resource: net::ERR_INSUFFICIENT_RESOURCES @ https://api.demoblaze.com/view:0
[33279107ms] [ERROR] Failed to load resource: net::ERR_INSUFFICIENT_RESOURCES @ https://api.demoblaze.com/view:0
[33279108ms] [ERROR] Failed to load resource: net::ERR_INSUFFICIENT_RESOURCES @ https://api.demoblaze.com/view:0
[33279108ms] [ERROR] Failed to load resource: net::ERR_INSUFFICIENT_RESOURCES @ https://api.demoblaze.com/view:0
[33279108ms] [ERROR] Failed to load resource: net::ERR_INSUFFICIENT_RESOURCES @ https://api.demoblaze.com/view:0
[33279108ms] [ERROR] Failed to load resource: net::ERR_INSUFFICIENT_RESOURCES @ https://api.demoblaze.com/view:0
[33279108ms] [ERROR] Failed to load resource: net::ERR_INSUFFICIENT_RESOURCES @ https://api.demoblaze.com/view:0
[33279109ms] [ERROR] Failed to load resource: net::ERR_INSUFFICIENT_RESOURCES @ https://api.demoblaze.com/view:0
[33279109ms] [ERROR] Failed to load resource: net::ERR_INSUFFICIENT_RESOURCES @ https://api.demoblaze.com/view:0
[33279109ms] [ERROR] Failed to load resource: net::ERR_INSUFFICIENT_RESOURCES @ https://api.demoblaze.com/view:0
[33279109ms] [ERROR] Failed to load resource: net::ERR_INSUFFICIENT_RESOURCES @ https://api.demoblaze.com/view:0
[33279110ms] [ERROR] Failed to load resource: net::ERR_INSUFFICIENT_RESOURCES @ https://api.demoblaze.com/view:0
[33279110ms] [ERROR] Failed to load resource: net::ERR_INSUFFICIENT_RESOURCES @ https://api.demoblaze.com/view:0
[33279110ms] [ERROR] Failed to load resource: net::ERR_INSUFFICIENT_RESOURCES @ https://api.demoblaze.com/view:0
[33279110ms] [ERROR] Failed to load resource: net::ERR_INSUFFICIENT_RESOURCES @ https://api.demoblaze.com/view:0
[33279111ms] [ERROR] Failed to load resource: net::ERR_INSUFFICIENT_RESOURCES @ https://api.demoblaze.com/view:0
[33279111ms] [ERROR] Failed to load resource: net::ERR_INSUFFICIENT_RESOURCES @ https://api.demoblaze.com/view:0
[33279111ms] [ERROR] Failed to load resource: net::ERR_INSUFFICIENT_RESOURCES @ https://api.demoblaze.com/view:0
[33279111ms] [ERROR] Failed to load resource: net::ERR_INSUFFICIENT_RESOURCES @ https://api.demoblaze.com/view:0
[33279112ms] [ERROR] Failed to load resource: net::ERR_INSUFFICIENT_RESOURCES @ https://api.demoblaze.com/view:0
[33279112ms] [ERROR] Failed to load resource: net::ERR_INSUFFICIENT_RESOURCES @ https://api.demoblaze.com/view:0
[33279112ms] [ERROR] Failed to load resource: net::ERR_INSUFFICIENT_RESOURCES @ https://api.demoblaze.com/view:0
[33279113ms] [ERROR] Failed to load resource: net::ERR_INSUFFICIENT_RESOURCES @ https://api.demoblaze.com/view:0
[33279113ms] [ERROR] Failed to load resource: net::ERR_INSUFFICIENT_RESOURCES @ https://api.demoblaze.com/view:0
[33279114ms] [ERROR] Failed to load resource: net::ERR_INSUFFICIENT_RESOURCES @ https://api.demoblaze.com/view:0
[33279123ms] [ERROR] Failed to load resource: net::ERR_INSUFFICIENT_RESOURCES @ https://api.demoblaze.com/view:0
[33279123ms] [ERROR] Failed to load resource: net::ERR_INSUFFICIENT_RESOURCES @ https://api.demoblaze.com/view:0
[33279124ms] [ERROR] Failed to load resource: net::ERR_INSUFFICIENT_RESOURCES @ https://api.demoblaze.com/view:0
[33279124ms] [ERROR] Failed to load resource: net::ERR_INSUFFICIENT_RESOURCES @ https://api.demoblaze.com/view:0
[33279124ms] [ERROR] Failed to load resource: net::ERR_INSUFFICIENT_RESOURCES @ https://api.demoblaze.com/view:0
[33279124ms] [ERROR] Failed to load resource: net::ERR_INSUFFICIENT_RESOURCES @ https://api.demoblaze.com/view:0
[33279124ms] [ERROR] Failed to load resource: net::ERR_INSUFFICIENT_RESOURCES @ https://api.demoblaze.com/view:0
[33279124ms] [ERROR] Failed to load resource: net::ERR_INSUFFICIENT_RESOURCES @ https://api.demoblaze.com/view:0
[33279125ms] [ERROR] Failed to load resource: net::ERR_INSUFFICIENT_RESOURCES @ https://api.demoblaze.com/view:0
[33279125ms] [ERROR] Failed to load resource: net::ERR_INSUFFICIENT_RESOURCES @ https://api.demoblaze.com/view:0
[33279125ms] [ERROR] Failed to load resource: net::ERR_INSUFFICIENT_RESOURCES @ https://api.demoblaze.com/view:0
[33279125ms] [ERROR] Failed to load resource: net::ERR_INSUFFICIENT_RESOURCES @ https://api.demoblaze.com/view:0
[33279125ms] [ERROR] Failed to load resource: net::ERR_INSUFFICIENT_RESOURCES @ https://api.demoblaze.com/view:0
[33279125ms] [ERROR] Failed to load resource: net::ERR_INSUFFICIENT_RESOURCES @ https://api.demoblaze.com/view:0
[33279126ms] [ERROR] Failed to load resource: net::ERR_INSUFFICIENT_RESOURCES @ https://api.demoblaze.com/view:0
[33279126ms] [ERROR] Failed to load resource: net::ERR_INSUFFICIENT_RESOURCES @ https://api.demoblaze.com/view:0
[33279126ms] [ERROR] Failed to load resource: net::ERR_INSUFFICIENT_RESOURCES @ https://api.demoblaze.com/view:0
[33279126ms] [ERROR] Failed to load resource: net::ERR_INSUFFICIENT_RESOURCES @ https://api.demoblaze.com/view:0
[33279126ms] [ERROR] Failed to load resource: net::ERR_INSUFFICIENT_RESOURCES @ https://api.demoblaze.com/view:0
[33279126ms] [ERROR] Failed to load resource: net::ERR_INSUFFICIENT_RESOURCES @ https://api.demoblaze.com/view:0
[33279126ms] [ERROR] Failed to load resource: net::ERR_INSUFFICIENT_RESOURCES @ https://api.demoblaze.com/view:0
[33279127ms] [ERROR] Failed to load resource: net::ERR_INSUFFICIENT_RESOURCES @ https://api.demoblaze.com/view:0
[33279127ms] [ERROR] Failed to load resource: net::ERR_INSUFFICIENT_RESOURCES @ https://api.demoblaze.com/view:0
[33279127ms] [ERROR] Failed to load resource: net::ERR_INSUFFICIENT_RESOURCES @ https://api.demoblaze.com/view:0
[33279127ms] [ERROR] Failed to load resource: net::ERR_INSUFFICIENT_RESOURCES @ https://api.demoblaze.com/view:0
[33279127ms] [ERROR] Failed to load resource: net::ERR_INSUFFICIENT_RESOURCES @ https://api.demoblaze.com/view:0
[33279128ms] [ERROR] Failed to load resource: net::ERR_INSUFFICIENT_RESOURCES @ https://api.demoblaze.com/view:0
[33279128ms] [ERROR] Failed to load resource: net::ERR_INSUFFICIENT_RESOURCES @ https://api.demoblaze.com/view:0
[33279128ms] [ERROR] Failed to load resource: net::ERR_INSUFFICIENT_RESOURCES @ https://api.demoblaze.com/view:0
[33279128ms] [ERROR] Failed to load resource: net::ERR_INSUFFICIENT_RESOURCES @ https://api.demoblaze.com/view:0
[33279128ms] [ERROR] Failed to load resource: net::ERR_INSUFFICIENT_RESOURCES @ https://api.demoblaze.com/view:0
[33279128ms] [ERROR] Failed to load resource: net::ERR_INSUFFICIENT_RESOURCES @ https://api.demoblaze.com/view:0
[33279129ms] [ERROR] Failed to load resource: net::ERR_INSUFFICIENT_RESOURCES @ https://api.demoblaze.com/view:0
[33279129ms] [ERROR] Failed to load resource: net::ERR_INSUFFICIENT_RESOURCES @ https://api.demoblaze.com/view:0
[33279129ms] [ERROR] Failed to load resource: net::ERR_INSUFFICIENT_RESOURCES @ https://api.demoblaze.com/view:0
[33279129ms] [ERROR] Failed to load resource: net::ERR_INSUFFICIENT_RESOURCES @ https://api.demoblaze.com/view:0
[33279129ms] [ERROR] Failed to load resource: net::ERR_INSUFFICIENT_RESOURCES @ https://api.demoblaze.com/view:0
[33279130ms] [ERROR] Failed to load resource: net::ERR_INSUFFICIENT_RESOURCES @ https://api.demoblaze.com/view:0
[33279130ms] [ERROR] Failed to load resource: net::ERR_INSUFFICIENT_RESOURCES @ https://api.demoblaze.com/view:0
[33279130ms] [ERROR] Failed to load resource: net::ERR_INSUFFICIENT_RESOURCES @ https://api.demoblaze.com/view:0
[33279130ms] [ERROR] Failed to load resource: net::ERR_INSUFFICIENT_RESOURCES @ https://api.demoblaze.com/view:0
[33279130ms] [ERROR] Failed to load resource: net::ERR_INSUFFICIENT_RESOURCES @ https://api.demoblaze.com/view:0
[33279130ms] [ERROR] Failed to load resource: net::ERR_INSUFFICIENT_RESOURCES @ https://api.demoblaze.com/view:0
[33279131ms] [ERROR] Failed to load resource: net::ERR_INSUFFICIENT_RESOURCES @ https://api.demoblaze.com/view:0
[33279131ms] [ERROR] Failed to load resource: net::ERR_INSUFFICIENT_RESOURCES @ https://api.demoblaze.com/view:0
[33279131ms] [ERROR] Failed to load resource: net::ERR_INSUFFICIENT_RESOURCES @ https://api.demoblaze.com/view:0
[33279132ms] [ERROR] Failed to load resource: net::ERR_INSUFFICIENT_RESOURCES @ https://api.demoblaze.com/view:0
[33279132ms] [ERROR] Failed to load resource: net::ERR_INSUFFICIENT_RESOURCES @ https://api.demoblaze.com/view:0
[33279132ms] [ERROR] Failed to load resource: net::ERR_INSUFFICIENT_RESOURCES @ https://api.demoblaze.com/view:0
[33279132ms] [ERROR] Failed to load resource: net::ERR_INSUFFICIENT_RESOURCES @ https://api.demoblaze.com/view:0
[33279132ms] [ERROR] Failed to load resource: net::ERR_INSUFFICIENT_RESOURCES @ https://api.demoblaze.com/view:0
[33279132ms] [ERROR] Failed to load resource: net::ERR_INSUFFICIENT_RESOURCES @ https://api.demoblaze.com/view:0
[33279133ms] [ERROR] Failed to load resource: net::ERR_INSUFFICIENT_RESOURCES @ https://api.demoblaze.com/view:0
[33279133ms] [ERROR] Failed to load resource: net::ERR_INSUFFICIENT_RESOURCES @ https://api.demoblaze.com/view:0
[33279133ms] [ERROR] Failed to load resource: net::ERR_INSUFFICIENT_RESOURCES @ https://api.demoblaze.com/view:0
[33279133ms] [ERROR] Failed to load resource: net::ERR_INSUFFICIENT_RESOURCES @ https://api.demoblaze.com/view:0
[33279133ms] [ERROR] Failed to load resource: net::ERR_INSUFFICIENT_RESOURCES @ https://api.demoblaze.com/view:0
[33279133ms] [ERROR] Failed to load resource: net::ERR_INSUFFICIENT_RESOURCES @ https://api.demoblaze.com/view:0
[33279134ms] [ERROR] Failed to load resource: net::ERR_INSUFFICIENT_RESOURCES @ https://api.demoblaze.com/view:0
[33279134ms] [ERROR] Failed to load resource: net::ERR_INSUFFICIENT_RESOURCES @ https://api.demoblaze.com/view:0
[33279134ms] [ERROR] Failed to load resource: net::ERR_INSUFFICIENT_RESOURCES @ https://api.demoblaze.com/view:0
[33279134ms] [ERROR] Failed to load resource: net::ERR_INSUFFICIENT_RESOURCES @ https://api.demoblaze.com/view:0
[33279134ms] [ERROR] Failed to load resource: net::ERR_INSUFFICIENT_RESOURCES @ https://api.demoblaze.com/view:0
[33279134ms] [ERROR] Failed to load resource: net::ERR_INSUFFICIENT_RESOURCES @ https://api.demoblaze.com/view:0
[33279134ms] [ERROR] Failed to load resource: net::ERR_INSUFFICIENT_RESOURCES @ https://api.demoblaze.com/view:0
[33279135ms] [ERROR] Failed to load resource: net::ERR_INSUFFICIENT_RESOURCES @ https://api.demoblaze.com/view:0
[33279135ms] [ERROR] Failed to load resource: net::ERR_INSUFFICIENT_RESOURCES @ https://api.demoblaze.com/view:0
[33279135ms] [ERROR] Failed to load resource: net::ERR_INSUFFICIENT_RESOURCES @ https://api.demoblaze.com/view:0
[33279135ms] [ERROR] Failed to load resource: net::ERR_INSUFFICIENT_RESOURCES @ https://api.demoblaze.com/view:0
[33279135ms] [ERROR] Failed to load resource: net::ERR_INSUFFICIENT_RESOURCES @ https://api.demoblaze.com/view:0
[33279136ms] [ERROR] Failed to load resource: net::ERR_INSUFFICIENT_RESOURCES @ https://api.demoblaze.com/view:0
[33279136ms] [ERROR] Failed to load resource: net::ERR_INSUFFICIENT_RESOURCES @ https://api.demoblaze.com/view:0
[33279136ms] [ERROR] Failed to load resource: net::ERR_INSUFFICIENT_RESOURCES @ https://api.demoblaze.com/view:0
[33279137ms] [ERROR] Failed to load resource: net::ERR_INSUFFICIENT_RESOURCES @ https://api.demoblaze.com/view:0
[33279137ms] [ERROR] Failed to load resource: net::ERR_INSUFFICIENT_RESOURCES @ https://api.demoblaze.com/view:0
[33279137ms] [ERROR] Failed to load resource: net::ERR_INSUFFICIENT_RESOURCES @ https://api.demoblaze.com/view:0
[33279137ms] [ERROR] Failed to load resource: net::ERR_INSUFFICIENT_RESOURCES @ https://api.demoblaze.com/view:0
[33279138ms] [ERROR] Failed to load resource: net::ERR_INSUFFICIENT_RESOURCES @ https://api.demoblaze.com/view:0
[33279138ms] [ERROR] Failed to load resource: net::ERR_INSUFFICIENT_RESOURCES @ https://api.demoblaze.com/view:0
[33279139ms] [ERROR] Failed to load resource: net::ERR_INSUFFICIENT_RESOURCES @ https://api.demoblaze.com/view:0
[33279139ms] [ERROR] Failed to load resource: net::ERR_INSUFFICIENT_RESOURCES @ https://api.demoblaze.com/view:0
[33279139ms] [ERROR] Failed to load resource: net::ERR_INSUFFICIENT_RESOURCES @ https://api.demoblaze.com/view:0
[33279139ms] [ERROR] Failed to load resource: net::ERR_INSUFFICIENT_RESOURCES @ https://api.demoblaze.com/view:0
[33279139ms] [ERROR] Failed to load resource: net::ERR_INSUFFICIENT_RESOURCES @ https://api.demoblaze.com/view:0
[33279140ms] [ERROR] Failed to load resource: net::ERR_INSUFFICIENT_RESOURCES @ https://api.demoblaze.com/view:0
[33279140ms] [ERROR] Failed to load resource: net::ERR_INSUFFICIENT_RESOURCES @ https://api.demoblaze.com/view:0
[33279140ms] [ERROR] Failed to load resource: net::ERR_INSUFFICIENT_RESOURCES @ https://api.demoblaze.com/view:0
[33279140ms] [ERROR] Failed to load resource: net::ERR_INSUFFICIENT_RESOURCES @ https://api.demoblaze.com/view:0
[33279140ms] [ERROR] Failed to load resource: net::ERR_INSUFFICIENT_RESOURCES @ https://api.demoblaze.com/view:0
[33279140ms] [ERROR] Failed to load resource: net::ERR_INSUFFICIENT_RESOURCES @ https://api.demoblaze.com/view:0
[33279141ms] [ERROR] Failed to load resource: net::ERR_INSUFFICIENT_RESOURCES @ https://api.demoblaze.com/view:0
[33279141ms] [ERROR] Failed to load resource: net::ERR_INSUFFICIENT_RESOURCES @ https://api.demoblaze.com/view:0
[33279141ms] [ERROR] Failed to load resource: net::ERR_INSUFFICIENT_RESOURCES @ https://api.demoblaze.com/view:0
[33279141ms] [ERROR] Failed to load resource: net::ERR_INSUFFICIENT_RESOURCES @ https://api.demoblaze.com/view:0
[33279141ms] [ERROR] Failed to load resource: net::ERR_INSUFFICIENT_RESOURCES @ https://api.demoblaze.com/view:0
[33279141ms] [ERROR] Failed to load resource: net::ERR_INSUFFICIENT_RESOURCES @ https://api.demoblaze.com/view:0
[33279142ms] [ERROR] Failed to load resource: net::ERR_INSUFFICIENT_RESOURCES @ https://api.demoblaze.com/view:0
[33279142ms] [ERROR] Failed to load resource: net::ERR_INSUFFICIENT_RESOURCES @ https://api.demoblaze.com/view:0
[33279142ms] [ERROR] Failed to load resource: net::ERR_INSUFFICIENT_RESOURCES @ https://api.demoblaze.com/view:0
[33279142ms] [ERROR] Failed to load resource: net::ERR_INSUFFICIENT_RESOURCES @ https://api.demoblaze.com/view:0
[33279143ms] [ERROR] Failed to load resource: net::ERR_INSUFFICIENT_RESOURCES @ https://api.demoblaze.com/view:0
[33279143ms] [ERROR] Failed to load resource: net::ERR_INSUFFICIENT_RESOURCES @ https://api.demoblaze.com/view:0
[33279143ms] [ERROR] Failed to load resource: net::ERR_INSUFFICIENT_RESOURCES @ https://api.demoblaze.com/view:0
[33279143ms] [ERROR] Failed to load resource: net::ERR_INSUFFICIENT_RESOURCES @ https://api.demoblaze.com/view:0
[33279143ms] [ERROR] Failed to load resource: net::ERR_INSUFFICIENT_RESOURCES @ https://api.demoblaze.com/view:0
[33279143ms] [ERROR] Failed to load resource: net::ERR_INSUFFICIENT_RESOURCES @ https://api.demoblaze.com/view:0
[33279143ms] [ERROR] Failed to load resource: net::ERR_INSUFFICIENT_RESOURCES @ https://api.demoblaze.com/view:0
[33279144ms] [ERROR] Failed to load resource: net::ERR_INSUFFICIENT_RESOURCES @ https://api.demoblaze.com/view:0
[33279144ms] [ERROR] Failed to load resource: net::ERR_INSUFFICIENT_RESOURCES @ https://api.demoblaze.com/view:0
[33279144ms] [ERROR] Failed to load resource: net::ERR_INSUFFICIENT_RESOURCES @ https://api.demoblaze.com/view:0
[33279144ms] [ERROR] Failed to load resource: net::ERR_INSUFFICIENT_RESOURCES @ https://api.demoblaze.com/view:0
[33279145ms] [ERROR] Failed to load resource: net::ERR_INSUFFICIENT_RESOURCES @ https://api.demoblaze.com/view:0
[33279145ms] [ERROR] Failed to load resource: net::ERR_INSUFFICIENT_RESOURCES @ https://api.demoblaze.com/view:0
[33279145ms] [ERROR] Failed to load resource: net::ERR_INSUFFICIENT_RESOURCES @ https://api.demoblaze.com/view:0
[33279145ms] [ERROR] Failed to load resource: net::ERR_INSUFFICIENT_RESOURCES @ https://api.demoblaze.com/view:0
[33279145ms] [ERROR] Failed to load resource: net::ERR_INSUFFICIENT_RESOURCES @ https://api.demoblaze.com/view:0
[33279145ms] [ERROR] Failed to load resource: net::ERR_INSUFFICIENT_RESOURCES @ https://api.demoblaze.com/view:0
[33279146ms] [ERROR] Failed to load resource: net::ERR_INSUFFICIENT_RESOURCES @ https://api.demoblaze.com/view:0
[33279146ms] [ERROR] Failed to load resource: net::ERR_INSUFFICIENT_RESOURCES @ https://api.demoblaze.com/view:0
[33279146ms] [ERROR] Failed to load resource: net::ERR_INSUFFICIENT_RESOURCES @ https://api.demoblaze.com/view:0
[33279146ms] [ERROR] Failed to load resource: net::ERR_INSUFFICIENT_RESOURCES @ https://api.demoblaze.com/view:0
[33279146ms] [ERROR] Failed to load resource: net::ERR_INSUFFICIENT_RESOURCES @ https://api.demoblaze.com/view:0
[33279146ms] [ERROR] Failed to load resource: net::ERR_INSUFFICIENT_RESOURCES @ https://api.demoblaze.com/view:0
[33279146ms] [ERROR] Failed to load resource: net::ERR_INSUFFICIENT_RESOURCES @ https://api.demoblaze.com/view:0
[33279147ms] [ERROR] Failed to load resource: net::ERR_INSUFFICIENT_RESOURCES @ https://api.demoblaze.com/view:0
[33279149ms] [ERROR] Failed to load resource: net::ERR_INSUFFICIENT_RESOURCES @ https://api.demoblaze.com/view:0
[33279149ms] [ERROR] Failed to load resource: net::ERR_INSUFFICIENT_RESOURCES @ https://api.demoblaze.com/view:0
[33279150ms] [ERROR] Failed to load resource: net::ERR_INSUFFICIENT_RESOURCES @ https://api.demoblaze.com/view:0
[33279150ms] [ERROR] Failed to load resource: net::ERR_INSUFFICIENT_RESOURCES @ https://api.demoblaze.com/view:0
[33279150ms] [ERROR] Failed to load resource: net::ERR_INSUFFICIENT_RESOURCES @ https://api.demoblaze.com/view:0
[33279151ms] [ERROR] Failed to load resource: net::ERR_INSUFFICIENT_RESOURCES @ https://api.demoblaze.com/view:0
[33279151ms] [ERROR] Failed to load resource: net::ERR_INSUFFICIENT_RESOURCES @ https://api.demoblaze.com/view:0
[33279151ms] [ERROR] Failed to load resource: net::ERR_INSUFFICIENT_RESOURCES @ https://api.demoblaze.com/view:0
[33279151ms] [ERROR] Failed to load resource: net::ERR_INSUFFICIENT_RESOURCES @ https://api.demoblaze.com/view:0
[33279151ms] [ERROR] Failed to load resource: net::ERR_INSUFFICIENT_RESOURCES @ https://api.demoblaze.com/view:0
[33279152ms] [ERROR] Failed to load resource: net::ERR_INSUFFICIENT_RESOURCES @ https://api.demoblaze.com/view:0
[33279152ms] [ERROR] Failed to load resource: net::ERR_INSUFFICIENT_RESOURCES @ https://api.demoblaze.com/view:0
[33279152ms] [ERROR] Failed to load resource: net::ERR_INSUFFICIENT_RESOURCES @ https://api.demoblaze.com/view:0
[33279152ms] [ERROR] Failed to load resource: net::ERR_INSUFFICIENT_RESOURCES @ https://api.demoblaze.com/view:0
[33279152ms] [ERROR] Failed to load resource: net::ERR_INSUFFICIENT_RESOURCES @ https://api.demoblaze.com/view:0
[33279152ms] [ERROR] Failed to load resource: net::ERR_INSUFFICIENT_RESOURCES @ https://api.demoblaze.com/view:0
[33279153ms] [ERROR] Failed to load resource: net::ERR_INSUFFICIENT_RESOURCES @ https://api.demoblaze.com/view:0
[33279153ms] [ERROR] Failed to load resource: net::ERR_INSUFFICIENT_RESOURCES @ https://api.demoblaze.com/view:0
[33279153ms] [ERROR] Failed to load resource: net::ERR_INSUFFICIENT_RESOURCES @ https://api.demoblaze.com/view:0
[33279153ms] [ERROR] Failed to load resource: net::ERR_INSUFFICIENT_RESOURCES @ https://api.demoblaze.com/view:0
[33279153ms] [ERROR] Failed to load resource: net::ERR_INSUFFICIENT_RESOURCES @ https://api.demoblaze.com/view:0
[33279153ms] [ERROR] Failed to load resource: net::ERR_INSUFFICIENT_RESOURCES @ https://api.demoblaze.com/view:0
[33279154ms] [ERROR] Failed to load resource: net::ERR_INSUFFICIENT_RESOURCES @ https://api.demoblaze.com/view:0
[33279154ms] [ERROR] Failed to load resource: net::ERR_INSUFFICIENT_RESOURCES @ https://api.demoblaze.com/view:0
[33279154ms] [ERROR] Failed to load resource: net::ERR_INSUFFICIENT_RESOURCES @ https://api.demoblaze.com/view:0
[33279154ms] [ERROR] Failed to load resource: net::ERR_INSUFFICIENT_RESOURCES @ https://api.demoblaze.com/view:0
[33279154ms] [ERROR] Failed to load resource: net::ERR_INSUFFICIENT_RESOURCES @ https://api.demoblaze.com/view:0
[33279154ms] [ERROR] Failed to load resource: net::ERR_INSUFFICIENT_RESOURCES @ https://api.demoblaze.com/view:0
[33279155ms] [ERROR] Failed to load resource: net::ERR_INSUFFICIENT_RESOURCES @ https://api.demoblaze.com/view:0
[33279156ms] [ERROR] Failed to load resource: net::ERR_INSUFFICIENT_RESOURCES @ https://api.demoblaze.com/view:0
[33279157ms] [ERROR] Failed to load resource: net::ERR_INSUFFICIENT_RESOURCES @ https://api.demoblaze.com/view:0
[33279157ms] [ERROR] Failed to load resource: net::ERR_INSUFFICIENT_RESOURCES @ https://api.demoblaze.com/view:0
[33279157ms] [ERROR] Failed to load resource: net::ERR_INSUFFICIENT_RESOURCES @ https://api.demoblaze.com/view:0
[33279158ms] [ERROR] Failed to load resource: net::ERR_INSUFFICIENT_RESOURCES @ https://api.demoblaze.com/view:0
[33279158ms] [ERROR] Failed to load resource: net::ERR_INSUFFICIENT_RESOURCES @ https://api.demoblaze.com/view:0
[33279158ms] [ERROR] Failed to load resource: net::ERR_INSUFFICIENT_RESOURCES @ https://api.demoblaze.com/view:0
[33279158ms] [ERROR] Failed to load resource: net::ERR_INSUFFICIENT_RESOURCES @ https://api.demoblaze.com/view:0
[33279158ms] [ERROR] Failed to load resource: net::ERR_INSUFFICIENT_RESOURCES @ https://api.demoblaze.com/view:0
[33279158ms] [ERROR] Failed to load resource: net::ERR_INSUFFICIENT_RESOURCES @ https://api.demoblaze.com/view:0
[33279159ms] [ERROR] Failed to load resource: net::ERR_INSUFFICIENT_RESOURCES @ https://api.demoblaze.com/view:0
[33279159ms] [ERROR] Failed to load resource: net::ERR_INSUFFICIENT_RESOURCES @ https://api.demoblaze.com/view:0
[33279159ms] [ERROR] Failed to load resource: net::ERR_INSUFFICIENT_RESOURCES @ https://api.demoblaze.com/view:0
[33279159ms] [ERROR] Failed to load resource: net::ERR_INSUFFICIENT_RESOURCES @ https://api.demoblaze.com/view:0
[33279159ms] [ERROR] Failed to load resource: net::ERR_INSUFFICIENT_RESOURCES @ https://api.demoblaze.com/view:0
[33279159ms] [ERROR] Failed to load resource: net::ERR_INSUFFICIENT_RESOURCES @ https://api.demoblaze.com/view:0
[33279160ms] [ERROR] Failed to load resource: net::ERR_INSUFFICIENT_RESOURCES @ https://api.demoblaze.com/view:0
[33279160ms] [ERROR] Failed to load resource: net::ERR_INSUFFICIENT_RESOURCES @ https://api.demoblaze.com/view:0
[33279160ms] [ERROR] Failed to load resource: net::ERR_INSUFFICIENT_RESOURCES @ https://api.demoblaze.com/view:0
[33279160ms] [ERROR] Failed to load resource: net::ERR_INSUFFICIENT_RESOURCES @ https://api.demoblaze.com/view:0
[33279160ms] [ERROR] Failed to load resource: net::ERR_INSUFFICIENT_RESOURCES @ https://api.demoblaze.com/view:0
[33279161ms] [ERROR] Failed to load resource: net::ERR_INSUFFICIENT_RESOURCES @ https://api.demoblaze.com/view:0
[33279161ms] [ERROR] Failed to load resource: net::ERR_INSUFFICIENT_RESOURCES @ https://api.demoblaze.com/view:0
[33279161ms] [ERROR] Failed to load resource: net::ERR_INSUFFICIENT_RESOURCES @ https://api.demoblaze.com/view:0
[33279162ms] [ERROR] Failed to load resource: net::ERR_INSUFFICIENT_RESOURCES @ https://api.demoblaze.com/view:0
[33279162ms] [ERROR] Failed to load resource: net::ERR_INSUFFICIENT_RESOURCES @ https://api.demoblaze.com/view:0
[33279162ms] [ERROR] Failed to load resource: net::ERR_INSUFFICIENT_RESOURCES @ https://api.demoblaze.com/view:0
[33279163ms] [ERROR] Failed to load resource: net::ERR_INSUFFICIENT_RESOURCES @ https://api.demoblaze.com/view:0
[33279163ms] [ERROR] Failed to load resource: net::ERR_INSUFFICIENT_RESOURCES @ https://api.demoblaze.com/view:0
[33279164ms] [ERROR] Failed to load resource: net::ERR_INSUFFICIENT_RESOURCES @ https://api.demoblaze.com/view:0
[33279165ms] [ERROR] Failed to load resource: net::ERR_INSUFFICIENT_RESOURCES @ https://api.demoblaze.com/view:0
[33279165ms] [ERROR] Failed to load resource: net::ERR_INSUFFICIENT_RESOURCES @ https://api.demoblaze.com/view:0
[33279165ms] [ERROR] Failed to load resource: net::ERR_INSUFFICIENT_RESOURCES @ https://api.demoblaze.com/view:0
[33279166ms] [ERROR] Failed to load resource: net::ERR_INSUFFICIENT_RESOURCES @ https://api.demoblaze.com/view:0
[33279166ms] [ERROR] Failed to load resource: net::ERR_INSUFFICIENT_RESOURCES @ https://api.demoblaze.com/view:0
[33279166ms] [ERROR] Failed to load resource: net::ERR_INSUFFICIENT_RESOURCES @ https://api.demoblaze.com/view:0
[33279166ms] [ERROR] Failed to load resource: net::ERR_INSUFFICIENT_RESOURCES @ https://api.demoblaze.com/view:0
[33279167ms] [ERROR] Failed to load resource: net::ERR_INSUFFICIENT_RESOURCES @ https://api.demoblaze.com/view:0
[33279167ms] [ERROR] Failed to load resource: net::ERR_INSUFFICIENT_RESOURCES @ https://api.demoblaze.com/view:0
[33279167ms] [ERROR] Failed to load resource: net::ERR_INSUFFICIENT_RESOURCES @ https://api.demoblaze.com/view:0
[33279167ms] [ERROR] Failed to load resource: net::ERR_INSUFFICIENT_RESOURCES @ https://api.demoblaze.com/view:0
[33279168ms] [ERROR] Failed to load resource: net::ERR_INSUFFICIENT_RESOURCES @ https://api.demoblaze.com/view:0
[33279168ms] [ERROR] Failed to load resource: net::ERR_INSUFFICIENT_RESOURCES @ https://api.demoblaze.com/view:0
[33279168ms] [ERROR] Failed to load resource: net::ERR_INSUFFICIENT_RESOURCES @ https://api.demoblaze.com/view:0
[33279168ms] [ERROR] Failed to load resource: net::ERR_INSUFFICIENT_RESOURCES @ https://api.demoblaze.com/view:0
[33279168ms] [ERROR] Failed to load resource: net::ERR_INSUFFICIENT_RESOURCES @ https://api.demoblaze.com/view:0
[33279168ms] [ERROR] Failed to load resource: net::ERR_INSUFFICIENT_RESOURCES @ https://api.demoblaze.com/view:0
[33279169ms] [ERROR] Failed to load resource: net::ERR_INSUFFICIENT_RESOURCES @ https://api.demoblaze.com/view:0
[33279169ms] [ERROR] Failed to load resource: net::ERR_INSUFFICIENT_RESOURCES @ https://api.demoblaze.com/view:0
[33279169ms] [ERROR] Failed to load resource: net::ERR_INSUFFICIENT_RESOURCES @ https://api.demoblaze.com/view:0
[33279169ms] [ERROR] Failed to load resource: net::ERR_INSUFFICIENT_RESOURCES @ https://api.demoblaze.com/view:0
[33279169ms] [ERROR] Failed to load resource: net::ERR_INSUFFICIENT_RESOURCES @ https://api.demoblaze.com/view:0
[33279170ms] [ERROR] Failed to load resource: net::ERR_INSUFFICIENT_RESOURCES @ https://api.demoblaze.com/view:0
[33279170ms] [ERROR] Failed to load resource: net::ERR_INSUFFICIENT_RESOURCES @ https://api.demoblaze.com/view:0
[33279170ms] [ERROR] Failed to load resource: net::ERR_INSUFFICIENT_RESOURCES @ https://api.demoblaze.com/view:0
[33279170ms] [ERROR] Failed to load resource: net::ERR_INSUFFICIENT_RESOURCES @ https://api.demoblaze.com/view:0
[33279170ms] [ERROR] Failed to load resource: net::ERR_INSUFFICIENT_RESOURCES @ https://api.demoblaze.com/view:0
[33279170ms] [ERROR] Failed to load resource: net::ERR_INSUFFICIENT_RESOURCES @ https://api.demoblaze.com/view:0
[33279171ms] [ERROR] Failed to load resource: net::ERR_INSUFFICIENT_RESOURCES @ https://api.demoblaze.com/view:0
[33279171ms] [ERROR] Failed to load resource: net::ERR_INSUFFICIENT_RESOURCES @ https://api.demoblaze.com/view:0
[33279171ms] [ERROR] Failed to load resource: net::ERR_INSUFFICIENT_RESOURCES @ https://api.demoblaze.com/view:0
[33279171ms] [ERROR] Failed to load resource: net::ERR_INSUFFICIENT_RESOURCES @ https://api.demoblaze.com/view:0
[33279173ms] [ERROR] Failed to load resource: net::ERR_INSUFFICIENT_RESOURCES @ https://api.demoblaze.com/view:0
[33279174ms] [ERROR] Failed to load resource: net::ERR_INSUFFICIENT_RESOURCES @ https://api.demoblaze.com/view:0
[33279174ms] [ERROR] Failed to load resource: net::ERR_INSUFFICIENT_RESOURCES @ https://api.demoblaze.com/view:0
[33279174ms] [ERROR] Failed to load resource: net::ERR_INSUFFICIENT_RESOURCES @ https://api.demoblaze.com/view:0
[33279175ms] [ERROR] Failed to load resource: net::ERR_INSUFFICIENT_RESOURCES @ https://api.demoblaze.com/view:0
[33279175ms] [ERROR] Failed to load resource: net::ERR_INSUFFICIENT_RESOURCES @ https://api.demoblaze.com/view:0
[33279175ms] [ERROR] Failed to load resource: net::ERR_INSUFFICIENT_RESOURCES @ https://api.demoblaze.com/view:0
[33279175ms] [ERROR] Failed to load resource: net::ERR_INSUFFICIENT_RESOURCES @ https://api.demoblaze.com/view:0
[33279176ms] [ERROR] Failed to load resource: net::ERR_INSUFFICIENT_RESOURCES @ https://api.demoblaze.com/view:0
[33279176ms] [ERROR] Failed to load resource: net::ERR_INSUFFICIENT_RESOURCES @ https://api.demoblaze.com/view:0
[33279176ms] [ERROR] Failed to load resource: net::ERR_INSUFFICIENT_RESOURCES @ https://api.demoblaze.com/view:0
[33279177ms] [ERROR] Failed to load resource: net::ERR_INSUFFICIENT_RESOURCES @ https://api.demoblaze.com/view:0
[33279177ms] [ERROR] Failed to load resource: net::ERR_INSUFFICIENT_RESOURCES @ https://api.demoblaze.com/view:0
[33279177ms] [ERROR] Failed to load resource: net::ERR_INSUFFICIENT_RESOURCES @ https://api.demoblaze.com/view:0
[33279178ms] [ERROR] Failed to load resource: net::ERR_INSUFFICIENT_RESOURCES @ https://api.demoblaze.com/view:0
[33279178ms] [ERROR] Failed to load resource: net::ERR_INSUFFICIENT_RESOURCES @ https://api.demoblaze.com/view:0
[33279178ms] [ERROR] Failed to load resource: net::ERR_INSUFFICIENT_RESOURCES @ https://api.demoblaze.com/view:0
[33279179ms] [ERROR] Failed to load resource: net::ERR_INSUFFICIENT_RESOURCES @ https://api.demoblaze.com/view:0
[33279179ms] [ERROR] Failed to load resource: net::ERR_INSUFFICIENT_RESOURCES @ https://api.demoblaze.com/view:0
[33279179ms] [ERROR] Failed to load resource: net::ERR_INSUFFICIENT_RESOURCES @ https://api.demoblaze.com/view:0
[33279179ms] [ERROR] Failed to load resource: net::ERR_INSUFFICIENT_RESOURCES @ https://api.demoblaze.com/view:0
[33279179ms] [ERROR] Failed to load resource: net::ERR_INSUFFICIENT_RESOURCES @ https://api.demoblaze.com/view:0
[33279180ms] [ERROR] Failed to load resource: net::ERR_INSUFFICIENT_RESOURCES @ https://api.demoblaze.com/view:0
[33279180ms] [ERROR] Failed to load resource: net::ERR_INSUFFICIENT_RESOURCES @ https://api.demoblaze.com/view:0
[33279180ms] [ERROR] Failed to load resource: net::ERR_INSUFFICIENT_RESOURCES @ https://api.demoblaze.com/view:0
[33279181ms] [ERROR] Failed to load resource: net::ERR_INSUFFICIENT_RESOURCES @ https://api.demoblaze.com/view:0
[33279181ms] [ERROR] Failed to load resource: net::ERR_INSUFFICIENT_RESOURCES @ https://api.demoblaze.com/view:0
[33279181ms] [ERROR] Failed to load resource: net::ERR_INSUFFICIENT_RESOURCES @ https://api.demoblaze.com/view:0
[33279182ms] [ERROR] Failed to load resource: net::ERR_INSUFFICIENT_RESOURCES @ https://api.demoblaze.com/view:0
[33279182ms] [ERROR] Failed to load resource: net::ERR_INSUFFICIENT_RESOURCES @ https://api.demoblaze.com/view:0
[33279182ms] [ERROR] Failed to load resource: net::ERR_INSUFFICIENT_RESOURCES @ https://api.demoblaze.com/view:0
[33279182ms] [ERROR] Failed to load resource: net::ERR_INSUFFICIENT_RESOURCES @ https://api.demoblaze.com/view:0
[33279183ms] [ERROR] Failed to load resource: net::ERR_INSUFFICIENT_RESOURCES @ https://api.demoblaze.com/view:0
[33279183ms] [ERROR] Failed to load resource: net::ERR_INSUFFICIENT_RESOURCES @ https://api.demoblaze.com/view:0
[33279183ms] [ERROR] Failed to load resource: net::ERR_INSUFFICIENT_RESOURCES @ https://api.demoblaze.com/view:0
[33279184ms] [ERROR] Failed to load resource: net::ERR_INSUFFICIENT_RESOURCES @ https://api.demoblaze.com/view:0
[33279184ms] [ERROR] Failed to load resource: net::ERR_INSUFFICIENT_RESOURCES @ https://api.demoblaze.com/view:0
[33279184ms] [ERROR] Failed to load resource: net::ERR_INSUFFICIENT_RESOURCES @ https://api.demoblaze.com/view:0
[33279184ms] [ERROR] Failed to load resource: net::ERR_INSUFFICIENT_RESOURCES @ https://api.demoblaze.com/view:0
[33279185ms] [ERROR] Failed to load resource: net::ERR_INSUFFICIENT_RESOURCES @ https://api.demoblaze.com/view:0
[33279185ms] [ERROR] Failed to load resource: net::ERR_INSUFFICIENT_RESOURCES @ https://api.demoblaze.com/view:0
[33279185ms] [ERROR] Failed to load resource: net::ERR_INSUFFICIENT_RESOURCES @ https://api.demoblaze.com/view:0
[33279185ms] [ERROR] Failed to load resource: net::ERR_INSUFFICIENT_RESOURCES @ https://api.demoblaze.com/view:0
[33279185ms] [ERROR] Failed to load resource: net::ERR_INSUFFICIENT_RESOURCES @ https://api.demoblaze.com/view:0
[33279185ms] [ERROR] Failed to load resource: net::ERR_INSUFFICIENT_RESOURCES @ https://api.demoblaze.com/view:0
[33279186ms] [ERROR] Failed to load resource: net::ERR_INSUFFICIENT_RESOURCES @ https://api.demoblaze.com/view:0
[33279186ms] [ERROR] Failed to load resource: net::ERR_INSUFFICIENT_RESOURCES @ https://api.demoblaze.com/view:0
[33279186ms] [ERROR] Failed to load resource: net::ERR_INSUFFICIENT_RESOURCES @ https://api.demoblaze.com/view:0
[33279186ms] [ERROR] Failed to load resource: net::ERR_INSUFFICIENT_RESOURCES @ https://api.demoblaze.com/view:0
[33279186ms] [ERROR] Failed to load resource: net::ERR_INSUFFICIENT_RESOURCES @ https://api.demoblaze.com/view:0
[33279186ms] [ERROR] Failed to load resource: net::ERR_INSUFFICIENT_RESOURCES @ https://api.demoblaze.com/view:0
[33279186ms] [ERROR] Failed to load resource: net::ERR_INSUFFICIENT_RESOURCES @ https://api.demoblaze.com/view:0
[33279186ms] [ERROR] Failed to load resource: net::ERR_INSUFFICIENT_RESOURCES @ https://api.demoblaze.com/view:0
[33279186ms] [ERROR] Failed to load resource: net::ERR_INSUFFICIENT_RESOURCES @ https://api.demoblaze.com/view:0
[33279187ms] [ERROR] Failed to load resource: net::ERR_INSUFFICIENT_RESOURCES @ https://api.demoblaze.com/view:0
[33279187ms] [ERROR] Failed to load resource: net::ERR_INSUFFICIENT_RESOURCES @ https://api.demoblaze.com/view:0
[33279188ms] [ERROR] Failed to load resource: net::ERR_INSUFFICIENT_RESOURCES @ https://api.demoblaze.com/view:0
[33279188ms] [ERROR] Failed to load resource: net::ERR_INSUFFICIENT_RESOURCES @ https://api.demoblaze.com/view:0
[33279189ms] [ERROR] Failed to load resource: net::ERR_INSUFFICIENT_RESOURCES @ https://api.demoblaze.com/view:0
[33279189ms] [ERROR] Failed to load resource: net::ERR_INSUFFICIENT_RESOURCES @ https://api.demoblaze.com/view:0
[33279191ms] [ERROR] Failed to load resource: net::ERR_INSUFFICIENT_RESOURCES @ https://api.demoblaze.com/view:0
[33279191ms] [ERROR] Failed to load resource: net::ERR_INSUFFICIENT_RESOURCES @ https://api.demoblaze.com/view:0
[33279191ms] [ERROR] Failed to load resource: net::ERR_INSUFFICIENT_RESOURCES @ https://api.demoblaze.com/view:0
[33279191ms] [ERROR] Failed to load resource: net::ERR_INSUFFICIENT_RESOURCES @ https://api.demoblaze.com/view:0
[33279191ms] [ERROR] Failed to load resource: net::ERR_INSUFFICIENT_RESOURCES @ https://api.demoblaze.com/view:0
[33279191ms] [ERROR] Failed to load resource: net::ERR_INSUFFICIENT_RESOURCES @ https://api.demoblaze.com/view:0
[33279192ms] [ERROR] Failed to load resource: net::ERR_INSUFFICIENT_RESOURCES @ https://api.demoblaze.com/view:0
[33279192ms] [ERROR] Failed to load resource: net::ERR_INSUFFICIENT_RESOURCES @ https://api.demoblaze.com/view:0
[33279192ms] [ERROR] Failed to load resource: net::ERR_INSUFFICIENT_RESOURCES @ https://api.demoblaze.com/view:0
[33279192ms] [ERROR] Failed to load resource: net::ERR_INSUFFICIENT_RESOURCES @ https://api.demoblaze.com/view:0
[33279192ms] [ERROR] Failed to load resource: net::ERR_INSUFFICIENT_RESOURCES @ https://api.demoblaze.com/view:0
[33279193ms] [ERROR] Failed to load resource: net::ERR_INSUFFICIENT_RESOURCES @ https://api.demoblaze.com/view:0
[33279193ms] [ERROR] Failed to load resource: net::ERR_INSUFFICIENT_RESOURCES @ https://api.demoblaze.com/view:0
[33279193ms] [ERROR] Failed to load resource: net::ERR_INSUFFICIENT_RESOURCES @ https://api.demoblaze.com/view:0
[33279193ms] [ERROR] Failed to load resource: net::ERR_INSUFFICIENT_RESOURCES @ https://api.demoblaze.com/view:0
[33279193ms] [ERROR] Failed to load resource: net::ERR_INSUFFICIENT_RESOURCES @ https://api.demoblaze.com/view:0
[33279194ms] [ERROR] Failed to load resource: net::ERR_INSUFFICIENT_RESOURCES @ https://api.demoblaze.com/view:0
[33279194ms] [ERROR] Failed to load resource: net::ERR_INSUFFICIENT_RESOURCES @ https://api.demoblaze.com/view:0
[33279194ms] [ERROR] Failed to load resource: net::ERR_INSUFFICIENT_RESOURCES @ https://api.demoblaze.com/view:0
[33279194ms] [ERROR] Failed to load resource: net::ERR_INSUFFICIENT_RESOURCES @ https://api.demoblaze.com/view:0
[33279194ms] [ERROR] Failed to load resource: net::ERR_INSUFFICIENT_RESOURCES @ https://api.demoblaze.com/view:0
[33279195ms] [ERROR] Failed to load resource: net::ERR_INSUFFICIENT_RESOURCES @ https://api.demoblaze.com/view:0
[33279195ms] [ERROR] Failed to load resource: net::ERR_INSUFFICIENT_RESOURCES @ https://api.demoblaze.com/view:0
[33279195ms] [ERROR] Failed to load resource: net::ERR_INSUFFICIENT_RESOURCES @ https://api.demoblaze.com/view:0
[33279195ms] [ERROR] Failed to load resource: net::ERR_INSUFFICIENT_RESOURCES @ https://api.demoblaze.com/view:0
[33279195ms] [ERROR] Failed to load resource: net::ERR_INSUFFICIENT_RESOURCES @ https://api.demoblaze.com/view:0
[33279195ms] [ERROR] Failed to load resource: net::ERR_INSUFFICIENT_RESOURCES @ https://api.demoblaze.com/view:0
[33279196ms] [ERROR] Failed to load resource: net::ERR_INSUFFICIENT_RESOURCES @ https://api.demoblaze.com/view:0
[33279196ms] [ERROR] Failed to load resource: net::ERR_INSUFFICIENT_RESOURCES @ https://api.demoblaze.com/view:0
[33279196ms] [ERROR] Failed to load resource: net::ERR_INSUFFICIENT_RESOURCES @ https://api.demoblaze.com/view:0
[33279196ms] [ERROR] Failed to load resource: net::ERR_INSUFFICIENT_RESOURCES @ https://api.demoblaze.com/view:0
[33279196ms] [ERROR] Failed to load resource: net::ERR_INSUFFICIENT_RESOURCES @ https://api.demoblaze.com/view:0
[33279198ms] [ERROR] Failed to load resource: net::ERR_INSUFFICIENT_RESOURCES @ https://api.demoblaze.com/view:0
[33279199ms] [ERROR] Failed to load resource: net::ERR_INSUFFICIENT_RESOURCES @ https://api.demoblaze.com/view:0
[33279199ms] [ERROR] Failed to load resource: net::ERR_INSUFFICIENT_RESOURCES @ https://api.demoblaze.com/view:0
[33279199ms] [ERROR] Failed to load resource: net::ERR_INSUFFICIENT_RESOURCES @ https://api.demoblaze.com/view:0
[33279199ms] [ERROR] Failed to load resource: net::ERR_INSUFFICIENT_RESOURCES @ https://api.demoblaze.com/view:0
[33279199ms] [ERROR] Failed to load resource: net::ERR_INSUFFICIENT_RESOURCES @ https://api.demoblaze.com/view:0
[33279199ms] [ERROR] Failed to load resource: net::ERR_INSUFFICIENT_RESOURCES @ https://api.demoblaze.com/view:0
[33279199ms] [ERROR] Failed to load resource: net::ERR_INSUFFICIENT_RESOURCES @ https://api.demoblaze.com/view:0
[33279200ms] [ERROR] Failed to load resource: net::ERR_INSUFFICIENT_RESOURCES @ https://api.demoblaze.com/view:0
[33279200ms] [ERROR] Failed to load resource: net::ERR_INSUFFICIENT_RESOURCES @ https://api.demoblaze.com/view:0
[33279200ms] [ERROR] Failed to load resource: net::ERR_INSUFFICIENT_RESOURCES @ https://api.demoblaze.com/view:0
[33279200ms] [ERROR] Failed to load resource: net::ERR_INSUFFICIENT_RESOURCES @ https://api.demoblaze.com/view:0
[33279201ms] [ERROR] Failed to load resource: net::ERR_INSUFFICIENT_RESOURCES @ https://api.demoblaze.com/view:0
[33279201ms] [ERROR] Failed to load resource: net::ERR_INSUFFICIENT_RESOURCES @ https://api.demoblaze.com/view:0
[33279201ms] [ERROR] Failed to load resource: net::ERR_INSUFFICIENT_RESOURCES @ https://api.demoblaze.com/view:0
[33279201ms] [ERROR] Failed to load resource: net::ERR_INSUFFICIENT_RESOURCES @ https://api.demoblaze.com/view:0
[33279202ms] [ERROR] Failed to load resource: net::ERR_INSUFFICIENT_RESOURCES @ https://api.demoblaze.com/view:0
[33279202ms] [ERROR] Failed to load resource: net::ERR_INSUFFICIENT_RESOURCES @ https://api.demoblaze.com/view:0
[33279202ms] [ERROR] Failed to load resource: net::ERR_INSUFFICIENT_RESOURCES @ https://api.demoblaze.com/view:0
[33279202ms] [ERROR] Failed to load resource: net::ERR_INSUFFICIENT_RESOURCES @ https://api.demoblaze.com/view:0
[33279202ms] [ERROR] Failed to load resource: net::ERR_INSUFFICIENT_RESOURCES @ https://api.demoblaze.com/view:0
[33279202ms] [ERROR] Failed to load resource: net::ERR_INSUFFICIENT_RESOURCES @ https://api.demoblaze.com/view:0
[33279203ms] [ERROR] Failed to load resource: net::ERR_INSUFFICIENT_RESOURCES @ https://api.demoblaze.com/view:0
[33279203ms] [ERROR] Failed to load resource: net::ERR_INSUFFICIENT_RESOURCES @ https://api.demoblaze.com/view:0
[33279203ms] [ERROR] Failed to load resource: net::ERR_INSUFFICIENT_RESOURCES @ https://api.demoblaze.com/view:0
[33279204ms] [ERROR] Failed to load resource: net::ERR_INSUFFICIENT_RESOURCES @ https://api.demoblaze.com/view:0
[33279204ms] [ERROR] Failed to load resource: net::ERR_INSUFFICIENT_RESOURCES @ https://api.demoblaze.com/view:0
[33279204ms] [ERROR] Failed to load resource: net::ERR_INSUFFICIENT_RESOURCES @ https://api.demoblaze.com/view:0
[33279205ms] [ERROR] Failed to load resource: net::ERR_INSUFFICIENT_RESOURCES @ https://api.demoblaze.com/view:0
[33279206ms] [ERROR] Failed to load resource: net::ERR_INSUFFICIENT_RESOURCES @ https://api.demoblaze.com/view:0
[33279208ms] [ERROR] Failed to load resource: net::ERR_INSUFFICIENT_RESOURCES @ https://api.demoblaze.com/view:0
[33279208ms] [ERROR] Failed to load resource: net::ERR_INSUFFICIENT_RESOURCES @ https://api.demoblaze.com/view:0
[33279209ms] [ERROR] Failed to load resource: net::ERR_INSUFFICIENT_RESOURCES @ https://api.demoblaze.com/view:0
[33279209ms] [ERROR] Failed to load resource: net::ERR_INSUFFICIENT_RESOURCES @ https://api.demoblaze.com/view:0
[33279210ms] [ERROR] Failed to load resource: net::ERR_INSUFFICIENT_RESOURCES @ https://api.demoblaze.com/view:0
[33279211ms] [ERROR] Failed to load resource: net::ERR_INSUFFICIENT_RESOURCES @ https://api.demoblaze.com/view:0
[33279212ms] [ERROR] Failed to load resource: net::ERR_INSUFFICIENT_RESOURCES @ https://api.demoblaze.com/view:0
[33279213ms] [ERROR] Failed to load resource: net::ERR_INSUFFICIENT_RESOURCES @ https://api.demoblaze.com/view:0
[33279213ms] [ERROR] Failed to load resource: net::ERR_INSUFFICIENT_RESOURCES @ https://api.demoblaze.com/view:0
[33279216ms] [ERROR] Failed to load resource: net::ERR_INSUFFICIENT_RESOURCES @ https://api.demoblaze.com/view:0
[33279216ms] [ERROR] Failed to load resource: net::ERR_INSUFFICIENT_RESOURCES @ https://api.demoblaze.com/view:0
[33279216ms] [ERROR] Failed to load resource: net::ERR_INSUFFICIENT_RESOURCES @ https://api.demoblaze.com/view:0
[33279217ms] [ERROR] Failed to load resource: net::ERR_INSUFFICIENT_RESOURCES @ https://api.demoblaze.com/view:0
[33279217ms] [ERROR] Failed to load resource: net::ERR_INSUFFICIENT_RESOURCES @ https://api.demoblaze.com/view:0
[33279217ms] [ERROR] Failed to load resource: net::ERR_INSUFFICIENT_RESOURCES @ https://api.demoblaze.com/view:0
[33279217ms] [ERROR] Failed to load resource: net::ERR_INSUFFICIENT_RESOURCES @ https://api.demoblaze.com/view:0
[33279218ms] [ERROR] Failed to load resource: net::ERR_INSUFFICIENT_RESOURCES @ https://api.demoblaze.com/view:0
[33279218ms] [ERROR] Failed to load resource: net::ERR_INSUFFICIENT_RESOURCES @ https://api.demoblaze.com/view:0
[33279218ms] [ERROR] Failed to load resource: net::ERR_INSUFFICIENT_RESOURCES @ https://api.demoblaze.com/view:0
[33279218ms] [ERROR] Failed to load resource: net::ERR_INSUFFICIENT_RESOURCES @ https://api.demoblaze.com/view:0
[33279218ms] [ERROR] Failed to load resource: net::ERR_INSUFFICIENT_RESOURCES @ https://api.demoblaze.com/view:0
[33279218ms] [ERROR] Failed to load resource: net::ERR_INSUFFICIENT_RESOURCES @ https://api.demoblaze.com/view:0
[33279219ms] [ERROR] Failed to load resource: net::ERR_INSUFFICIENT_RESOURCES @ https://api.demoblaze.com/view:0
[33279219ms] [ERROR] Failed to load resource: net::ERR_INSUFFICIENT_RESOURCES @ https://api.demoblaze.com/view:0
[33279219ms] [ERROR] Failed to load resource: net::ERR_INSUFFICIENT_RESOURCES @ https://api.demoblaze.com/view:0
[33279219ms] [ERROR] Failed to load resource: net::ERR_INSUFFICIENT_RESOURCES @ https://api.demoblaze.com/view:0
[33279219ms] [ERROR] Failed to load resource: net::ERR_INSUFFICIENT_RESOURCES @ https://api.demoblaze.com/view:0
[33279219ms] [ERROR] Failed to load resource: net::ERR_INSUFFICIENT_RESOURCES @ https://api.demoblaze.com/view:0
[33279219ms] [ERROR] Failed to load resource: net::ERR_INSUFFICIENT_RESOURCES @ https://api.demoblaze.com/view:0
[33279220ms] [ERROR] Failed to load resource: net::ERR_INSUFFICIENT_RESOURCES @ https://api.demoblaze.com/view:0
[33279220ms] [ERROR] Failed to load resource: net::ERR_INSUFFICIENT_RESOURCES @ https://api.demoblaze.com/view:0
[33279220ms] [ERROR] Failed to load resource: net::ERR_INSUFFICIENT_RESOURCES @ https://api.demoblaze.com/view:0
[33279221ms] [ERROR] Failed to load resource: net::ERR_INSUFFICIENT_RESOURCES @ https://api.demoblaze.com/view:0
[33279221ms] [ERROR] Failed to load resource: net::ERR_INSUFFICIENT_RESOURCES @ https://api.demoblaze.com/view:0
[33279221ms] [ERROR] Failed to load resource: net::ERR_INSUFFICIENT_RESOURCES @ https://api.demoblaze.com/view:0
[33279221ms] [ERROR] Failed to load resource: net::ERR_INSUFFICIENT_RESOURCES @ https://api.demoblaze.com/view:0
[33279221ms] [ERROR] Failed to load resource: net::ERR_INSUFFICIENT_RESOURCES @ https://api.demoblaze.com/view:0
[33279222ms] [ERROR] Failed to load resource: net::ERR_INSUFFICIENT_RESOURCES @ https://api.demoblaze.com/view:0
[33279222ms] [ERROR] Failed to load resource: net::ERR_INSUFFICIENT_RESOURCES @ https://api.demoblaze.com/view:0
[33279223ms] [ERROR] Failed to load resource: net::ERR_INSUFFICIENT_RESOURCES @ https://api.demoblaze.com/view:0
[33279225ms] [ERROR] Failed to load resource: net::ERR_INSUFFICIENT_RESOURCES @ https://api.demoblaze.com/view:0
[33279225ms] [ERROR] Failed to load resource: net::ERR_INSUFFICIENT_RESOURCES @ https://api.demoblaze.com/view:0
[33279226ms] [ERROR] Failed to load resource: net::ERR_INSUFFICIENT_RESOURCES @ https://api.demoblaze.com/view:0
[33279226ms] [ERROR] Failed to load resource: net::ERR_INSUFFICIENT_RESOURCES @ https://api.demoblaze.com/view:0
[33279226ms] [ERROR] Failed to load resource: net::ERR_INSUFFICIENT_RESOURCES @ https://api.demoblaze.com/view:0
[33279226ms] [ERROR] Failed to load resource: net::ERR_INSUFFICIENT_RESOURCES @ https://api.demoblaze.com/view:0
[33279226ms] [ERROR] Failed to load resource: net::ERR_INSUFFICIENT_RESOURCES @ https://api.demoblaze.com/view:0
[33279227ms] [ERROR] Failed to load resource: net::ERR_INSUFFICIENT_RESOURCES @ https://api.demoblaze.com/view:0
[33279227ms] [ERROR] Failed to load resource: net::ERR_INSUFFICIENT_RESOURCES @ https://api.demoblaze.com/view:0
[33279227ms] [ERROR] Failed to load resource: net::ERR_INSUFFICIENT_RESOURCES @ https://api.demoblaze.com/view:0
[33279227ms] [ERROR] Failed to load resource: net::ERR_INSUFFICIENT_RESOURCES @ https://api.demoblaze.com/view:0
[33279227ms] [ERROR] Failed to load resource: net::ERR_INSUFFICIENT_RESOURCES @ https://api.demoblaze.com/view:0
[33279227ms] [ERROR] Failed to load resource: net::ERR_INSUFFICIENT_RESOURCES @ https://api.demoblaze.com/view:0
[33279227ms] [ERROR] Failed to load resource: net::ERR_INSUFFICIENT_RESOURCES @ https://api.demoblaze.com/view:0
[33279227ms] [ERROR] Failed to load resource: net::ERR_INSUFFICIENT_RESOURCES @ https://api.demoblaze.com/view:0
[33279228ms] [ERROR] Failed to load resource: net::ERR_INSUFFICIENT_RESOURCES @ https://api.demoblaze.com/view:0
[33279228ms] [ERROR] Failed to load resource: net::ERR_INSUFFICIENT_RESOURCES @ https://api.demoblaze.com/view:0
[33279228ms] [ERROR] Failed to load resource: net::ERR_INSUFFICIENT_RESOURCES @ https://api.demoblaze.com/view:0
[33279228ms] [ERROR] Failed to load resource: net::ERR_INSUFFICIENT_RESOURCES @ https://api.demoblaze.com/view:0
[33279228ms] [ERROR] Failed to load resource: net::ERR_INSUFFICIENT_RESOURCES @ https://api.demoblaze.com/view:0
[33279228ms] [ERROR] Failed to load resource: net::ERR_INSUFFICIENT_RESOURCES @ https://api.demoblaze.com/view:0
[33279229ms] [ERROR] Failed to load resource: net::ERR_INSUFFICIENT_RESOURCES @ https://api.demoblaze.com/view:0
[33279229ms] [ERROR] Failed to load resource: net::ERR_INSUFFICIENT_RESOURCES @ https://api.demoblaze.com/view:0
[33279229ms] [ERROR] Failed to load resource: net::ERR_INSUFFICIENT_RESOURCES @ https://api.demoblaze.com/view:0
[33279229ms] [ERROR] Failed to load resource: net::ERR_INSUFFICIENT_RESOURCES @ https://api.demoblaze.com/view:0
[33279229ms] [ERROR] Failed to load resource: net::ERR_INSUFFICIENT_RESOURCES @ https://api.demoblaze.com/view:0
[33279229ms] [ERROR] Failed to load resource: net::ERR_INSUFFICIENT_RESOURCES @ https://api.demoblaze.com/view:0
[33279229ms] [ERROR] Failed to load resource: net::ERR_INSUFFICIENT_RESOURCES @ https://api.demoblaze.com/view:0
[33279229ms] [ERROR] Failed to load resource: net::ERR_INSUFFICIENT_RESOURCES @ https://api.demoblaze.com/view:0
[33279230ms] [ERROR] Failed to load resource: net::ERR_INSUFFICIENT_RESOURCES @ https://api.demoblaze.com/view:0
[33279233ms] [ERROR] Failed to load resource: net::ERR_INSUFFICIENT_RESOURCES @ https://api.demoblaze.com/view:0
[33279233ms] [ERROR] Failed to load resource: net::ERR_INSUFFICIENT_RESOURCES @ https://api.demoblaze.com/view:0
[33279234ms] [ERROR] Failed to load resource: net::ERR_INSUFFICIENT_RESOURCES @ https://api.demoblaze.com/view:0
[33279234ms] [ERROR] Failed to load resource: net::ERR_INSUFFICIENT_RESOURCES @ https://api.demoblaze.com/view:0
[33279234ms] [ERROR] Failed to load resource: net::ERR_INSUFFICIENT_RESOURCES @ https://api.demoblaze.com/view:0
[33279234ms] [ERROR] Failed to load resource: net::ERR_INSUFFICIENT_RESOURCES @ https://api.demoblaze.com/view:0
[33279234ms] [ERROR] Failed to load resource: net::ERR_INSUFFICIENT_RESOURCES @ https://api.demoblaze.com/view:0
[33279235ms] [ERROR] Failed to load resource: net::ERR_INSUFFICIENT_RESOURCES @ https://api.demoblaze.com/view:0
[33279235ms] [ERROR] Failed to load resource: net::ERR_INSUFFICIENT_RESOURCES @ https://api.demoblaze.com/view:0
[33279235ms] [ERROR] Failed to load resource: net::ERR_INSUFFICIENT_RESOURCES @ https://api.demoblaze.com/view:0
[33279235ms] [ERROR] Failed to load resource: net::ERR_INSUFFICIENT_RESOURCES @ https://api.demoblaze.com/view:0
[33279235ms] [ERROR] Failed to load resource: net::ERR_INSUFFICIENT_RESOURCES @ https://api.demoblaze.com/view:0
[33279235ms] [ERROR] Failed to load resource: net::ERR_INSUFFICIENT_RESOURCES @ https://api.demoblaze.com/view:0
[33279236ms] [ERROR] Failed to load resource: net::ERR_INSUFFICIENT_RESOURCES @ https://api.demoblaze.com/view:0
[33279236ms] [ERROR] Failed to load resource: net::ERR_INSUFFICIENT_RESOURCES @ https://api.demoblaze.com/view:0
[33279236ms] [ERROR] Failed to load resource: net::ERR_INSUFFICIENT_RESOURCES @ https://api.demoblaze.com/view:0
[33279236ms] [ERROR] Failed to load resource: net::ERR_INSUFFICIENT_RESOURCES @ https://api.demoblaze.com/view:0
[33279236ms] [ERROR] Failed to load resource: net::ERR_INSUFFICIENT_RESOURCES @ https://api.demoblaze.com/view:0
[33279237ms] [ERROR] Failed to load resource: net::ERR_INSUFFICIENT_RESOURCES @ https://api.demoblaze.com/view:0
[33279237ms] [ERROR] Failed to load resource: net::ERR_INSUFFICIENT_RESOURCES @ https://api.demoblaze.com/view:0
[33279237ms] [ERROR] Failed to load resource: net::ERR_INSUFFICIENT_RESOURCES @ https://api.demoblaze.com/view:0
[33279237ms] [ERROR] Failed to load resource: net::ERR_INSUFFICIENT_RESOURCES @ https://api.demoblaze.com/view:0
[33279237ms] [ERROR] Failed to load resource: net::ERR_INSUFFICIENT_RESOURCES @ https://api.demoblaze.com/view:0
[33279238ms] [ERROR] Failed to load resource: net::ERR_INSUFFICIENT_RESOURCES @ https://api.demoblaze.com/view:0
[33279238ms] [ERROR] Failed to load resource: net::ERR_INSUFFICIENT_RESOURCES @ https://api.demoblaze.com/view:0
[33279238ms] [ERROR] Failed to load resource: net::ERR_INSUFFICIENT_RESOURCES @ https://api.demoblaze.com/view:0
[33279238ms] [ERROR] Failed to load resource: net::ERR_INSUFFICIENT_RESOURCES @ https://api.demoblaze.com/view:0
[33279239ms] [ERROR] Failed to load resource: net::ERR_INSUFFICIENT_RESOURCES @ https://api.demoblaze.com/view:0
[33279239ms] [ERROR] Failed to load resource: net::ERR_INSUFFICIENT_RESOURCES @ https://api.demoblaze.com/view:0
[33279239ms] [ERROR] Failed to load resource: net::ERR_INSUFFICIENT_RESOURCES @ https://api.demoblaze.com/view:0
[33279240ms] [ERROR] Failed to load resource: net::ERR_INSUFFICIENT_RESOURCES @ https://api.demoblaze.com/view:0
[33279241ms] [ERROR] Failed to load resource: net::ERR_INSUFFICIENT_RESOURCES @ https://api.demoblaze.com/view:0
[33279241ms] [ERROR] Failed to load resource: net::ERR_INSUFFICIENT_RESOURCES @ https://api.demoblaze.com/view:0
[33279241ms] [ERROR] Failed to load resource: net::ERR_INSUFFICIENT_RESOURCES @ https://api.demoblaze.com/view:0
[33279241ms] [ERROR] Failed to load resource: net::ERR_INSUFFICIENT_RESOURCES @ https://api.demoblaze.com/view:0
[33279241ms] [ERROR] Failed to load resource: net::ERR_INSUFFICIENT_RESOURCES @ https://api.demoblaze.com/view:0
[33279242ms] [ERROR] Failed to load resource: net::ERR_INSUFFICIENT_RESOURCES @ https://api.demoblaze.com/view:0
[33279242ms] [ERROR] Failed to load resource: net::ERR_INSUFFICIENT_RESOURCES @ https://api.demoblaze.com/view:0
[33279242ms] [ERROR] Failed to load resource: net::ERR_INSUFFICIENT_RESOURCES @ https://api.demoblaze.com/view:0
[33279242ms] [ERROR] Failed to load resource: net::ERR_INSUFFICIENT_RESOURCES @ https://api.demoblaze.com/view:0
[33279242ms] [ERROR] Failed to load resource: net::ERR_INSUFFICIENT_RESOURCES @ https://api.demoblaze.com/view:0
[33279242ms] [ERROR] Failed to load resource: net::ERR_INSUFFICIENT_RESOURCES @ https://api.demoblaze.com/view:0
[33279243ms] [ERROR] Failed to load resource: net::ERR_INSUFFICIENT_RESOURCES @ https://api.demoblaze.com/view:0
[33279243ms] [ERROR] Failed to load resource: net::ERR_INSUFFICIENT_RESOURCES @ https://api.demoblaze.com/view:0
[33279243ms] [ERROR] Failed to load resource: net::ERR_INSUFFICIENT_RESOURCES @ https://api.demoblaze.com/view:0
[33279243ms] [ERROR] Failed to load resource: net::ERR_INSUFFICIENT_RESOURCES @ https://api.demoblaze.com/view:0
[33279244ms] [ERROR] Failed to load resource: net::ERR_INSUFFICIENT_RESOURCES @ https://api.demoblaze.com/view:0
[33279244ms] [ERROR] Failed to load resource: net::ERR_INSUFFICIENT_RESOURCES @ https://api.demoblaze.com/view:0
[33279244ms] [ERROR] Failed to load resource: net::ERR_INSUFFICIENT_RESOURCES @ https://api.demoblaze.com/view:0
[33279244ms] [ERROR] Failed to load resource: net::ERR_INSUFFICIENT_RESOURCES @ https://api.demoblaze.com/view:0
[33279244ms] [ERROR] Failed to load resource: net::ERR_INSUFFICIENT_RESOURCES @ https://api.demoblaze.com/view:0
[33279244ms] [ERROR] Failed to load resource: net::ERR_INSUFFICIENT_RESOURCES @ https://api.demoblaze.com/view:0
[33279245ms] [ERROR] Failed to load resource: net::ERR_INSUFFICIENT_RESOURCES @ https://api.demoblaze.com/view:0
[33279245ms] [ERROR] Failed to load resource: net::ERR_INSUFFICIENT_RESOURCES @ https://api.demoblaze.com/view:0
[33279245ms] [ERROR] Failed to load resource: net::ERR_INSUFFICIENT_RESOURCES @ https://api.demoblaze.com/view:0
[33279245ms] [ERROR] Failed to load resource: net::ERR_INSUFFICIENT_RESOURCES @ https://api.demoblaze.com/view:0
[33279246ms] [ERROR] Failed to load resource: net::ERR_INSUFFICIENT_RESOURCES @ https://api.demoblaze.com/view:0
[33279246ms] [ERROR] Failed to load resource: net::ERR_INSUFFICIENT_RESOURCES @ https://api.demoblaze.com/view:0
[33279246ms] [ERROR] Failed to load resource: net::ERR_INSUFFICIENT_RESOURCES @ https://api.demoblaze.com/view:0
[33279246ms] [ERROR] Failed to load resource: net::ERR_INSUFFICIENT_RESOURCES @ https://api.demoblaze.com/view:0
[33279246ms] [ERROR] Failed to load resource: net::ERR_INSUFFICIENT_RESOURCES @ https://api.demoblaze.com/view:0
[33279248ms] [ERROR] Failed to load resource: net::ERR_INSUFFICIENT_RESOURCES @ https://api.demoblaze.com/view:0
[33279249ms] [ERROR] Failed to load resource: net::ERR_INSUFFICIENT_RESOURCES @ https://api.demoblaze.com/view:0
[33279250ms] [ERROR] Failed to load resource: net::ERR_INSUFFICIENT_RESOURCES @ https://api.demoblaze.com/view:0
[33279250ms] [ERROR] Failed to load resource: net::ERR_INSUFFICIENT_RESOURCES @ https://api.demoblaze.com/view:0
[33279250ms] [ERROR] Failed to load resource: net::ERR_INSUFFICIENT_RESOURCES @ https://api.demoblaze.com/view:0
[33279251ms] [ERROR] Failed to load resource: net::ERR_INSUFFICIENT_RESOURCES @ https://api.demoblaze.com/view:0
[33279251ms] [ERROR] Failed to load resource: net::ERR_INSUFFICIENT_RESOURCES @ https://api.demoblaze.com/view:0
[33279251ms] [ERROR] Failed to load resource: net::ERR_INSUFFICIENT_RESOURCES @ https://api.demoblaze.com/view:0
[33279251ms] [ERROR] Failed to load resource: net::ERR_INSUFFICIENT_RESOURCES @ https://api.demoblaze.com/view:0
[33279251ms] [ERROR] Failed to load resource: net::ERR_INSUFFICIENT_RESOURCES @ https://api.demoblaze.com/view:0
[33279252ms] [ERROR] Failed to load resource: net::ERR_INSUFFICIENT_RESOURCES @ https://api.demoblaze.com/view:0
[33279252ms] [ERROR] Failed to load resource: net::ERR_INSUFFICIENT_RESOURCES @ https://api.demoblaze.com/view:0
[33279252ms] [ERROR] Failed to load resource: net::ERR_INSUFFICIENT_RESOURCES @ https://api.demoblaze.com/view:0
[33279253ms] [ERROR] Failed to load resource: net::ERR_INSUFFICIENT_RESOURCES @ https://api.demoblaze.com/view:0
[33279253ms] [ERROR] Failed to load resource: net::ERR_INSUFFICIENT_RESOURCES @ https://api.demoblaze.com/view:0
[33279253ms] [ERROR] Failed to load resource: net::ERR_INSUFFICIENT_RESOURCES @ https://api.demoblaze.com/view:0
[33279253ms] [ERROR] Failed to load resource: net::ERR_INSUFFICIENT_RESOURCES @ https://api.demoblaze.com/view:0
[33279253ms] [ERROR] Failed to load resource: net::ERR_INSUFFICIENT_RESOURCES @ https://api.demoblaze.com/view:0
[33279253ms] [ERROR] Failed to load resource: net::ERR_INSUFFICIENT_RESOURCES @ https://api.demoblaze.com/view:0
[33279253ms] [ERROR] Failed to load resource: net::ERR_INSUFFICIENT_RESOURCES @ https://api.demoblaze.com/view:0
[33279253ms] [ERROR] Failed to load resource: net::ERR_INSUFFICIENT_RESOURCES @ https://api.demoblaze.com/view:0
[33279253ms] [ERROR] Failed to load resource: net::ERR_INSUFFICIENT_RESOURCES @ https://api.demoblaze.com/view:0
[33279254ms] [ERROR] Failed to load resource: net::ERR_INSUFFICIENT_RESOURCES @ https://api.demoblaze.com/view:0
[33279254ms] [ERROR] Failed to load resource: net::ERR_INSUFFICIENT_RESOURCES @ https://api.demoblaze.com/view:0
[33279254ms] [ERROR] Failed to load resource: net::ERR_INSUFFICIENT_RESOURCES @ https://api.demoblaze.com/view:0
[33279254ms] [ERROR] Failed to load resource: net::ERR_INSUFFICIENT_RESOURCES @ https://api.demoblaze.com/view:0
[33279254ms] [ERROR] Failed to load resource: net::ERR_INSUFFICIENT_RESOURCES @ https://api.demoblaze.com/view:0
[33279254ms] [ERROR] Failed to load resource: net::ERR_INSUFFICIENT_RESOURCES @ https://api.demoblaze.com/view:0
[33279254ms] [ERROR] Failed to load resource: net::ERR_INSUFFICIENT_RESOURCES @ https://api.demoblaze.com/view:0
[33279254ms] [ERROR] Failed to load resource: net::ERR_INSUFFICIENT_RESOURCES @ https://api.demoblaze.com/view:0
[33279255ms] [ERROR] Failed to load resource: net::ERR_INSUFFICIENT_RESOURCES @ https://api.demoblaze.com/view:0
[33279255ms] [ERROR] Failed to load resource: net::ERR_INSUFFICIENT_RESOURCES @ https://api.demoblaze.com/view:0
[33279255ms] [ERROR] Failed to load resource: net::ERR_INSUFFICIENT_RESOURCES @ https://api.demoblaze.com/view:0
[33279255ms] [ERROR] Failed to load resource: net::ERR_INSUFFICIENT_RESOURCES @ https://api.demoblaze.com/view:0
[33279255ms] [ERROR] Failed to load resource: net::ERR_INSUFFICIENT_RESOURCES @ https://api.demoblaze.com/view:0
[33279255ms] [ERROR] Failed to load resource: net::ERR_INSUFFICIENT_RESOURCES @ https://api.demoblaze.com/view:0
[33279256ms] [ERROR] Failed to load resource: net::ERR_INSUFFICIENT_RESOURCES @ https://api.demoblaze.com/view:0
[33279256ms] [ERROR] Failed to load resource: net::ERR_INSUFFICIENT_RESOURCES @ https://api.demoblaze.com/view:0
[33279256ms] [ERROR] Failed to load resource: net::ERR_INSUFFICIENT_RESOURCES @ https://api.demoblaze.com/view:0
[33279256ms] [ERROR] Failed to load resource: net::ERR_INSUFFICIENT_RESOURCES @ https://api.demoblaze.com/view:0
[33279256ms] [ERROR] Failed to load resource: net::ERR_INSUFFICIENT_RESOURCES @ https://api.demoblaze.com/view:0
[33279256ms] [ERROR] Failed to load resource: net::ERR_INSUFFICIENT_RESOURCES @ https://api.demoblaze.com/view:0
[33279257ms] [ERROR] Failed to load resource: net::ERR_INSUFFICIENT_RESOURCES @ https://api.demoblaze.com/view:0
[33279257ms] [ERROR] Failed to load resource: net::ERR_INSUFFICIENT_RESOURCES @ https://api.demoblaze.com/view:0
[33279257ms] [ERROR] Failed to load resource: net::ERR_INSUFFICIENT_RESOURCES @ https://api.demoblaze.com/view:0
[33279257ms] [ERROR] Failed to load resource: net::ERR_INSUFFICIENT_RESOURCES @ https://api.demoblaze.com/view:0
[33279257ms] [ERROR] Failed to load resource: net::ERR_INSUFFICIENT_RESOURCES @ https://api.demoblaze.com/view:0
[33279258ms] [ERROR] Failed to load resource: net::ERR_INSUFFICIENT_RESOURCES @ https://api.demoblaze.com/view:0
[33279258ms] [ERROR] Failed to load resource: net::ERR_INSUFFICIENT_RESOURCES @ https://api.demoblaze.com/view:0
[33279258ms] [ERROR] Failed to load resource: net::ERR_INSUFFICIENT_RESOURCES @ https://api.demoblaze.com/view:0
[33279258ms] [ERROR] Failed to load resource: net::ERR_INSUFFICIENT_RESOURCES @ https://api.demoblaze.com/view:0
[33279258ms] [ERROR] Failed to load resource: net::ERR_INSUFFICIENT_RESOURCES @ https://api.demoblaze.com/view:0
[33279258ms] [ERROR] Failed to load resource: net::ERR_INSUFFICIENT_RESOURCES @ https://api.demoblaze.com/view:0
[33279258ms] [ERROR] Failed to load resource: net::ERR_INSUFFICIENT_RESOURCES @ https://api.demoblaze.com/view:0
[33279259ms] [ERROR] Failed to load resource: net::ERR_INSUFFICIENT_RESOURCES @ https://api.demoblaze.com/view:0
[33279259ms] [ERROR] Failed to load resource: net::ERR_INSUFFICIENT_RESOURCES @ https://api.demoblaze.com/view:0
[33279259ms] [ERROR] Failed to load resource: net::ERR_INSUFFICIENT_RESOURCES @ https://api.demoblaze.com/view:0
[33279259ms] [ERROR] Failed to load resource: net::ERR_INSUFFICIENT_RESOURCES @ https://api.demoblaze.com/view:0
[33279259ms] [ERROR] Failed to load resource: net::ERR_INSUFFICIENT_RESOURCES @ https://api.demoblaze.com/view:0
[33279259ms] [ERROR] Failed to load resource: net::ERR_INSUFFICIENT_RESOURCES @ https://api.demoblaze.com/view:0
[33279259ms] [ERROR] Failed to load resource: net::ERR_INSUFFICIENT_RESOURCES @ https://api.demoblaze.com/view:0
[33279259ms] [ERROR] Failed to load resource: net::ERR_INSUFFICIENT_RESOURCES @ https://api.demoblaze.com/view:0
[33279259ms] [ERROR] Failed to load resource: net::ERR_INSUFFICIENT_RESOURCES @ https://api.demoblaze.com/view:0
[33279260ms] [ERROR] Failed to load resource: net::ERR_INSUFFICIENT_RESOURCES @ https://api.demoblaze.com/view:0
[33279260ms] [ERROR] Failed to load resource: net::ERR_INSUFFICIENT_RESOURCES @ https://api.demoblaze.com/view:0
[33279260ms] [ERROR] Failed to load resource: net::ERR_INSUFFICIENT_RESOURCES @ https://api.demoblaze.com/view:0
[33279260ms] [ERROR] Failed to load resource: net::ERR_INSUFFICIENT_RESOURCES @ https://api.demoblaze.com/view:0
[33279260ms] [ERROR] Failed to load resource: net::ERR_INSUFFICIENT_RESOURCES @ https://api.demoblaze.com/view:0
[33279260ms] [ERROR] Failed to load resource: net::ERR_INSUFFICIENT_RESOURCES @ https://api.demoblaze.com/view:0
[33279260ms] [ERROR] Failed to load resource: net::ERR_INSUFFICIENT_RESOURCES @ https://api.demoblaze.com/view:0
[33279261ms] [ERROR] Failed to load resource: net::ERR_INSUFFICIENT_RESOURCES @ https://api.demoblaze.com/view:0
[33279261ms] [ERROR] Failed to load resource: net::ERR_INSUFFICIENT_RESOURCES @ https://api.demoblaze.com/view:0
[33279261ms] [ERROR] Failed to load resource: net::ERR_INSUFFICIENT_RESOURCES @ https://api.demoblaze.com/view:0
[33279261ms] [ERROR] Failed to load resource: net::ERR_INSUFFICIENT_RESOURCES @ https://api.demoblaze.com/view:0
[33279261ms] [ERROR] Failed to load resource: net::ERR_INSUFFICIENT_RESOURCES @ https://api.demoblaze.com/view:0
[33279261ms] [ERROR] Failed to load resource: net::ERR_INSUFFICIENT_RESOURCES @ https://api.demoblaze.com/view:0
[33279261ms] [ERROR] Failed to load resource: net::ERR_INSUFFICIENT_RESOURCES @ https://api.demoblaze.com/view:0
[33279262ms] [ERROR] Failed to load resource: net::ERR_INSUFFICIENT_RESOURCES @ https://api.demoblaze.com/view:0
[33279262ms] [ERROR] Failed to load resource: net::ERR_INSUFFICIENT_RESOURCES @ https://api.demoblaze.com/view:0
[33279262ms] [ERROR] Failed to load resource: net::ERR_INSUFFICIENT_RESOURCES @ https://api.demoblaze.com/view:0
[33279262ms] [ERROR] Failed to load resource: net::ERR_INSUFFICIENT_RESOURCES @ https://api.demoblaze.com/view:0
[33279262ms] [ERROR] Failed to load resource: net::ERR_INSUFFICIENT_RESOURCES @ https://api.demoblaze.com/view:0
[33279262ms] [ERROR] Failed to load resource: net::ERR_INSUFFICIENT_RESOURCES @ https://api.demoblaze.com/view:0
[33279262ms] [ERROR] Failed to load resource: net::ERR_INSUFFICIENT_RESOURCES @ https://api.demoblaze.com/view:0
[33279263ms] [ERROR] Failed to load resource: net::ERR_INSUFFICIENT_RESOURCES @ https://api.demoblaze.com/view:0
[33279263ms] [ERROR] Failed to load resource: net::ERR_INSUFFICIENT_RESOURCES @ https://api.demoblaze.com/view:0
[33279263ms] [ERROR] Failed to load resource: net::ERR_INSUFFICIENT_RESOURCES @ https://api.demoblaze.com/view:0
[33279263ms] [ERROR] Failed to load resource: net::ERR_INSUFFICIENT_RESOURCES @ https://api.demoblaze.com/view:0
[33279263ms] [ERROR] Failed to load resource: net::ERR_INSUFFICIENT_RESOURCES @ https://api.demoblaze.com/view:0
[33279264ms] [ERROR] Failed to load resource: net::ERR_INSUFFICIENT_RESOURCES @ https://api.demoblaze.com/view:0
[33279264ms] [ERROR] Failed to load resource: net::ERR_INSUFFICIENT_RESOURCES @ https://api.demoblaze.com/view:0
[33279264ms] [ERROR] Failed to load resource: net::ERR_INSUFFICIENT_RESOURCES @ https://api.demoblaze.com/view:0
[33279264ms] [ERROR] Failed to load resource: net::ERR_INSUFFICIENT_RESOURCES @ https://api.demoblaze.com/view:0
[33279265ms] [ERROR] Failed to load resource: net::ERR_INSUFFICIENT_RESOURCES @ https://api.demoblaze.com/view:0
[33279265ms] [ERROR] Failed to load resource: net::ERR_INSUFFICIENT_RESOURCES @ https://api.demoblaze.com/view:0
[33279265ms] [ERROR] Failed to load resource: net::ERR_INSUFFICIENT_RESOURCES @ https://api.demoblaze.com/view:0
[33279265ms] [ERROR] Failed to load resource: net::ERR_INSUFFICIENT_RESOURCES @ https://api.demoblaze.com/view:0
[33279265ms] [ERROR] Failed to load resource: net::ERR_INSUFFICIENT_RESOURCES @ https://api.demoblaze.com/view:0
[33279266ms] [ERROR] Failed to load resource: net::ERR_INSUFFICIENT_RESOURCES @ https://api.demoblaze.com/view:0
[33279266ms] [ERROR] Failed to load resource: net::ERR_INSUFFICIENT_RESOURCES @ https://api.demoblaze.com/view:0
[33279266ms] [ERROR] Failed to load resource: net::ERR_INSUFFICIENT_RESOURCES @ https://api.demoblaze.com/view:0
[33279266ms] [ERROR] Failed to load resource: net::ERR_INSUFFICIENT_RESOURCES @ https://api.demoblaze.com/view:0
[33279266ms] [ERROR] Failed to load resource: net::ERR_INSUFFICIENT_RESOURCES @ https://api.demoblaze.com/view:0
[33279267ms] [ERROR] Failed to load resource: net::ERR_INSUFFICIENT_RESOURCES @ https://api.demoblaze.com/view:0
[33279267ms] [ERROR] Failed to load resource: net::ERR_INSUFFICIENT_RESOURCES @ https://api.demoblaze.com/view:0
[33279267ms] [ERROR] Failed to load resource: net::ERR_INSUFFICIENT_RESOURCES @ https://api.demoblaze.com/view:0
[33279267ms] [ERROR] Failed to load resource: net::ERR_INSUFFICIENT_RESOURCES @ https://api.demoblaze.com/view:0
[33279267ms] [ERROR] Failed to load resource: net::ERR_INSUFFICIENT_RESOURCES @ https://api.demoblaze.com/view:0
[33279267ms] [ERROR] Failed to load resource: net::ERR_INSUFFICIENT_RESOURCES @ https://api.demoblaze.com/view:0
[33279268ms] [ERROR] Failed to load resource: net::ERR_INSUFFICIENT_RESOURCES @ https://api.demoblaze.com/view:0
[33279268ms] [ERROR] Failed to load resource: net::ERR_INSUFFICIENT_RESOURCES @ https://api.demoblaze.com/view:0
[33279268ms] [ERROR] Failed to load resource: net::ERR_INSUFFICIENT_RESOURCES @ https://api.demoblaze.com/view:0
[33279268ms] [ERROR] Failed to load resource: net::ERR_INSUFFICIENT_RESOURCES @ https://api.demoblaze.com/view:0
[33279268ms] [ERROR] Failed to load resource: net::ERR_INSUFFICIENT_RESOURCES @ https://api.demoblaze.com/view:0
[33279269ms] [ERROR] Failed to load resource: net::ERR_INSUFFICIENT_RESOURCES @ https://api.demoblaze.com/view:0
[33279269ms] [ERROR] Failed to load resource: net::ERR_INSUFFICIENT_RESOURCES @ https://api.demoblaze.com/view:0
[33279269ms] [ERROR] Failed to load resource: net::ERR_INSUFFICIENT_RESOURCES @ https://api.demoblaze.com/view:0
[33279269ms] [ERROR] Failed to load resource: net::ERR_INSUFFICIENT_RESOURCES @ https://api.demoblaze.com/view:0
[33279269ms] [ERROR] Failed to load resource: net::ERR_INSUFFICIENT_RESOURCES @ https://api.demoblaze.com/view:0
[33279269ms] [ERROR] Failed to load resource: net::ERR_INSUFFICIENT_RESOURCES @ https://api.demoblaze.com/view:0
[33279270ms] [ERROR] Failed to load resource: net::ERR_INSUFFICIENT_RESOURCES @ https://api.demoblaze.com/view:0
[33279270ms] [ERROR] Failed to load resource: net::ERR_INSUFFICIENT_RESOURCES @ https://api.demoblaze.com/view:0
[33279270ms] [ERROR] Failed to load resource: net::ERR_INSUFFICIENT_RESOURCES @ https://api.demoblaze.com/view:0
[33279270ms] [ERROR] Failed to load resource: net::ERR_INSUFFICIENT_RESOURCES @ https://api.demoblaze.com/view:0
[33279271ms] [ERROR] Failed to load resource: net::ERR_INSUFFICIENT_RESOURCES @ https://api.demoblaze.com/view:0
[33279271ms] [ERROR] Failed to load resource: net::ERR_INSUFFICIENT_RESOURCES @ https://api.demoblaze.com/view:0
[33279271ms] [ERROR] Failed to load resource: net::ERR_INSUFFICIENT_RESOURCES @ https://api.demoblaze.com/view:0
[33279271ms] [ERROR] Failed to load resource: net::ERR_INSUFFICIENT_RESOURCES @ https://api.demoblaze.com/view:0
[33279272ms] [ERROR] Failed to load resource: net::ERR_INSUFFICIENT_RESOURCES @ https://api.demoblaze.com/view:0
[33279272ms] [ERROR] Failed to load resource: net::ERR_INSUFFICIENT_RESOURCES @ https://api.demoblaze.com/view:0
[33279272ms] [ERROR] Failed to load resource: net::ERR_INSUFFICIENT_RESOURCES @ https://api.demoblaze.com/view:0
[33279272ms] [ERROR] Failed to load resource: net::ERR_INSUFFICIENT_RESOURCES @ https://api.demoblaze.com/view:0
[33279273ms] [ERROR] Failed to load resource: net::ERR_INSUFFICIENT_RESOURCES @ https://api.demoblaze.com/view:0
[33279273ms] [ERROR] Failed to load resource: net::ERR_INSUFFICIENT_RESOURCES @ https://api.demoblaze.com/view:0
[33279273ms] [ERROR] Failed to load resource: net::ERR_INSUFFICIENT_RESOURCES @ https://api.demoblaze.com/view:0
[33279273ms] [ERROR] Failed to load resource: net::ERR_INSUFFICIENT_RESOURCES @ https://api.demoblaze.com/view:0
[33279273ms] [ERROR] Failed to load resource: net::ERR_INSUFFICIENT_RESOURCES @ https://api.demoblaze.com/view:0
[33279274ms] [ERROR] Failed to load resource: net::ERR_INSUFFICIENT_RESOURCES @ https://api.demoblaze.com/view:0
[33279274ms] [ERROR] Failed to load resource: net::ERR_INSUFFICIENT_RESOURCES @ https://api.demoblaze.com/view:0
[33279274ms] [ERROR] Failed to load resource: net::ERR_INSUFFICIENT_RESOURCES @ https://api.demoblaze.com/view:0
[33279274ms] [ERROR] Failed to load resource: net::ERR_INSUFFICIENT_RESOURCES @ https://api.demoblaze.com/view:0
[33279275ms] [ERROR] Failed to load resource: net::ERR_INSUFFICIENT_RESOURCES @ https://api.demoblaze.com/view:0
[33279275ms] [ERROR] Failed to load resource: net::ERR_INSUFFICIENT_RESOURCES @ https://api.demoblaze.com/view:0
[33279275ms] [ERROR] Failed to load resource: net::ERR_INSUFFICIENT_RESOURCES @ https://api.demoblaze.com/view:0
[33279275ms] [ERROR] Failed to load resource: net::ERR_INSUFFICIENT_RESOURCES @ https://api.demoblaze.com/view:0
[33279275ms] [ERROR] Failed to load resource: net::ERR_INSUFFICIENT_RESOURCES @ https://api.demoblaze.com/view:0
[33279275ms] [ERROR] Failed to load resource: net::ERR_INSUFFICIENT_RESOURCES @ https://api.demoblaze.com/view:0
[33279276ms] [ERROR] Failed to load resource: net::ERR_INSUFFICIENT_RESOURCES @ https://api.demoblaze.com/view:0
[33279276ms] [ERROR] Failed to load resource: net::ERR_INSUFFICIENT_RESOURCES @ https://api.demoblaze.com/view:0
[33279276ms] [ERROR] Failed to load resource: net::ERR_INSUFFICIENT_RESOURCES @ https://api.demoblaze.com/view:0
[33279276ms] [ERROR] Failed to load resource: net::ERR_INSUFFICIENT_RESOURCES @ https://api.demoblaze.com/view:0
[33279276ms] [ERROR] Failed to load resource: net::ERR_INSUFFICIENT_RESOURCES @ https://api.demoblaze.com/view:0
[33279276ms] [ERROR] Failed to load resource: net::ERR_INSUFFICIENT_RESOURCES @ https://api.demoblaze.com/view:0
[33279276ms] [ERROR] Failed to load resource: net::ERR_INSUFFICIENT_RESOURCES @ https://api.demoblaze.com/view:0
[33279277ms] [ERROR] Failed to load resource: net::ERR_INSUFFICIENT_RESOURCES @ https://api.demoblaze.com/view:0
[33279277ms] [ERROR] Failed to load resource: net::ERR_INSUFFICIENT_RESOURCES @ https://api.demoblaze.com/view:0
[33279277ms] [ERROR] Failed to load resource: net::ERR_INSUFFICIENT_RESOURCES @ https://api.demoblaze.com/view:0
[33279277ms] [ERROR] Failed to load resource: net::ERR_INSUFFICIENT_RESOURCES @ https://api.demoblaze.com/view:0
[33279277ms] [ERROR] Failed to load resource: net::ERR_INSUFFICIENT_RESOURCES @ https://api.demoblaze.com/view:0
[33279277ms] [ERROR] Failed to load resource: net::ERR_INSUFFICIENT_RESOURCES @ https://api.demoblaze.com/view:0
[33279278ms] [ERROR] Failed to load resource: net::ERR_INSUFFICIENT_RESOURCES @ https://api.demoblaze.com/view:0
[33279278ms] [ERROR] Failed to load resource: net::ERR_INSUFFICIENT_RESOURCES @ https://api.demoblaze.com/view:0
[33279278ms] [ERROR] Failed to load resource: net::ERR_INSUFFICIENT_RESOURCES @ https://api.demoblaze.com/view:0
[33279278ms] [ERROR] Failed to load resource: net::ERR_INSUFFICIENT_RESOURCES @ https://api.demoblaze.com/view:0
[33279278ms] [ERROR] Failed to load resource: net::ERR_INSUFFICIENT_RESOURCES @ https://api.demoblaze.com/view:0
[33279278ms] [ERROR] Failed to load resource: net::ERR_INSUFFICIENT_RESOURCES @ https://api.demoblaze.com/view:0
[33279278ms] [ERROR] Failed to load resource: net::ERR_INSUFFICIENT_RESOURCES @ https://api.demoblaze.com/view:0
[33279279ms] [ERROR] Failed to load resource: net::ERR_INSUFFICIENT_RESOURCES @ https://api.demoblaze.com/view:0
[33279279ms] [ERROR] Failed to load resource: net::ERR_INSUFFICIENT_RESOURCES @ https://api.demoblaze.com/view:0
[33279279ms] [ERROR] Failed to load resource: net::ERR_INSUFFICIENT_RESOURCES @ https://api.demoblaze.com/view:0
[33279279ms] [ERROR] Failed to load resource: net::ERR_INSUFFICIENT_RESOURCES @ https://api.demoblaze.com/view:0
[33279279ms] [ERROR] Failed to load resource: net::ERR_INSUFFICIENT_RESOURCES @ https://api.demoblaze.com/view:0
[33279279ms] [ERROR] Failed to load resource: net::ERR_INSUFFICIENT_RESOURCES @ https://api.demoblaze.com/view:0
[33279280ms] [ERROR] Failed to load resource: net::ERR_INSUFFICIENT_RESOURCES @ https://api.demoblaze.com/view:0
[33279280ms] [ERROR] Failed to load resource: net::ERR_INSUFFICIENT_RESOURCES @ https://api.demoblaze.com/view:0
[33279280ms] [ERROR] Failed to load resource: net::ERR_INSUFFICIENT_RESOURCES @ https://api.demoblaze.com/view:0
[33279280ms] [ERROR] Failed to load resource: net::ERR_INSUFFICIENT_RESOURCES @ https://api.demoblaze.com/view:0
[33279281ms] [ERROR] Failed to load resource: net::ERR_INSUFFICIENT_RESOURCES @ https://api.demoblaze.com/view:0
[33279281ms] [ERROR] Failed to load resource: net::ERR_INSUFFICIENT_RESOURCES @ https://api.demoblaze.com/view:0
[33279281ms] [ERROR] Failed to load resource: net::ERR_INSUFFICIENT_RESOURCES @ https://api.demoblaze.com/view:0
[33279281ms] [ERROR] Failed to load resource: net::ERR_INSUFFICIENT_RESOURCES @ https://api.demoblaze.com/view:0
[33279281ms] [ERROR] Failed to load resource: net::ERR_INSUFFICIENT_RESOURCES @ https://api.demoblaze.com/view:0
[33279281ms] [ERROR] Failed to load resource: net::ERR_INSUFFICIENT_RESOURCES @ https://api.demoblaze.com/view:0
[33279282ms] [ERROR] Failed to load resource: net::ERR_INSUFFICIENT_RESOURCES @ https://api.demoblaze.com/view:0
[33279282ms] [ERROR] Failed to load resource: net::ERR_INSUFFICIENT_RESOURCES @ https://api.demoblaze.com/view:0
[33279282ms] [ERROR] Failed to load resource: net::ERR_INSUFFICIENT_RESOURCES @ https://api.demoblaze.com/view:0
[33279282ms] [ERROR] Failed to load resource: net::ERR_INSUFFICIENT_RESOURCES @ https://api.demoblaze.com/view:0
[33279283ms] [ERROR] Failed to load resource: net::ERR_INSUFFICIENT_RESOURCES @ https://api.demoblaze.com/view:0
[33279283ms] [ERROR] Failed to load resource: net::ERR_INSUFFICIENT_RESOURCES @ https://api.demoblaze.com/view:0
[33279283ms] [ERROR] Failed to load resource: net::ERR_INSUFFICIENT_RESOURCES @ https://api.demoblaze.com/view:0
[33279283ms] [ERROR] Failed to load resource: net::ERR_INSUFFICIENT_RESOURCES @ https://api.demoblaze.com/view:0
[33279283ms] [ERROR] Failed to load resource: net::ERR_INSUFFICIENT_RESOURCES @ https://api.demoblaze.com/view:0
[33279284ms] [ERROR] Failed to load resource: net::ERR_INSUFFICIENT_RESOURCES @ https://api.demoblaze.com/view:0
[33279284ms] [ERROR] Failed to load resource: net::ERR_INSUFFICIENT_RESOURCES @ https://api.demoblaze.com/view:0
[33279284ms] [ERROR] Failed to load resource: net::ERR_INSUFFICIENT_RESOURCES @ https://api.demoblaze.com/view:0
[33279284ms] [ERROR] Failed to load resource: net::ERR_INSUFFICIENT_RESOURCES @ https://api.demoblaze.com/view:0
[33279284ms] [ERROR] Failed to load resource: net::ERR_INSUFFICIENT_RESOURCES @ https://api.demoblaze.com/view:0
[33279284ms] [ERROR] Failed to load resource: net::ERR_INSUFFICIENT_RESOURCES @ https://api.demoblaze.com/view:0
[33279285ms] [ERROR] Failed to load resource: net::ERR_INSUFFICIENT_RESOURCES @ https://api.demoblaze.com/view:0
[33279285ms] [ERROR] Failed to load resource: net::ERR_INSUFFICIENT_RESOURCES @ https://api.demoblaze.com/view:0
[33279285ms] [ERROR] Failed to load resource: net::ERR_INSUFFICIENT_RESOURCES @ https://api.demoblaze.com/view:0
[33279285ms] [ERROR] Failed to load resource: net::ERR_INSUFFICIENT_RESOURCES @ https://api.demoblaze.com/view:0
[33279285ms] [ERROR] Failed to load resource: net::ERR_INSUFFICIENT_RESOURCES @ https://api.demoblaze.com/view:0
[33279285ms] [ERROR] Failed to load resource: net::ERR_INSUFFICIENT_RESOURCES @ https://api.demoblaze.com/view:0
[33279285ms] [ERROR] Failed to load resource: net::ERR_INSUFFICIENT_RESOURCES @ https://api.demoblaze.com/view:0
[33279285ms] [ERROR] Failed to load resource: net::ERR_INSUFFICIENT_RESOURCES @ https://api.demoblaze.com/view:0
[33279286ms] [ERROR] Failed to load resource: net::ERR_INSUFFICIENT_RESOURCES @ https://api.demoblaze.com/view:0
[33279286ms] [ERROR] Failed to load resource: net::ERR_INSUFFICIENT_RESOURCES @ https://api.demoblaze.com/view:0
[33279287ms] [ERROR] Failed to load resource: net::ERR_INSUFFICIENT_RESOURCES @ https://api.demoblaze.com/view:0
[33279287ms] [ERROR] Failed to load resource: net::ERR_INSUFFICIENT_RESOURCES @ https://api.demoblaze.com/view:0
[33279287ms] [ERROR] Failed to load resource: net::ERR_INSUFFICIENT_RESOURCES @ https://api.demoblaze.com/view:0
[33279287ms] [ERROR] Failed to load resource: net::ERR_INSUFFICIENT_RESOURCES @ https://api.demoblaze.com/view:0
[33279288ms] [ERROR] Failed to load resource: net::ERR_INSUFFICIENT_RESOURCES @ https://api.demoblaze.com/view:0
[33279288ms] [ERROR] Failed to load resource: net::ERR_INSUFFICIENT_RESOURCES @ https://api.demoblaze.com/view:0
[33279288ms] [ERROR] Failed to load resource: net::ERR_INSUFFICIENT_RESOURCES @ https://api.demoblaze.com/view:0
[33279288ms] [ERROR] Failed to load resource: net::ERR_INSUFFICIENT_RESOURCES @ https://api.demoblaze.com/view:0
[33279288ms] [ERROR] Failed to load resource: net::ERR_INSUFFICIENT_RESOURCES @ https://api.demoblaze.com/view:0
[33279289ms] [ERROR] Failed to load resource: net::ERR_INSUFFICIENT_RESOURCES @ https://api.demoblaze.com/view:0
[33279289ms] [ERROR] Failed to load resource: net::ERR_INSUFFICIENT_RESOURCES @ https://api.demoblaze.com/view:0
[33279290ms] [ERROR] Failed to load resource: net::ERR_INSUFFICIENT_RESOURCES @ https://api.demoblaze.com/view:0
[33279290ms] [ERROR] Failed to load resource: net::ERR_INSUFFICIENT_RESOURCES @ https://api.demoblaze.com/view:0
[33279290ms] [ERROR] Failed to load resource: net::ERR_INSUFFICIENT_RESOURCES @ https://api.demoblaze.com/view:0
[33279290ms] [ERROR] Failed to load resource: net::ERR_INSUFFICIENT_RESOURCES @ https://api.demoblaze.com/view:0
[33279291ms] [ERROR] Failed to load resource: net::ERR_INSUFFICIENT_RESOURCES @ https://api.demoblaze.com/view:0
[33279291ms] [ERROR] Failed to load resource: net::ERR_INSUFFICIENT_RESOURCES @ https://api.demoblaze.com/view:0
[33279291ms] [ERROR] Failed to load resource: net::ERR_INSUFFICIENT_RESOURCES @ https://api.demoblaze.com/view:0
[33279291ms] [ERROR] Failed to load resource: net::ERR_INSUFFICIENT_RESOURCES @ https://api.demoblaze.com/view:0
[33279291ms] [ERROR] Failed to load resource: net::ERR_INSUFFICIENT_RESOURCES @ https://api.demoblaze.com/view:0
[33279292ms] [ERROR] Failed to load resource: net::ERR_INSUFFICIENT_RESOURCES @ https://api.demoblaze.com/view:0
[33303717ms] [WARNING] VIDEOJS: WARN: A plugin named "reloadSourceOnError" already exists. You may want to avoid re-registering plugins! @ https://www.demoblaze.com/node_modules/video.js/dist/video.min.js:11
[33303731ms] [VERBOSE] [DOM] Input elements should have autocomplete attributes (suggested: "current-password"): (More info: https://goo.gl/9p2vKq) %o @ https://www.demoblaze.com/:0
[33303731ms] [VERBOSE] [DOM] Input elements should have autocomplete attributes (suggested: "current-password"): (More info: https://goo.gl/9p2vKq) %o @ https://www.demoblaze.com/:0
[33318526ms] [WARNING] VIDEOJS: WARN: A plugin named "reloadSourceOnError" already exists. You may want to avoid re-registering plugins! @ https://www.demoblaze.com/node_modules/video.js/dist/video.min.js:11
[33318534ms] [VERBOSE] [DOM] Input elements should have autocomplete attributes (suggested: "current-password"): (More info: https://goo.gl/9p2vKq) %o @ https://www.demoblaze.com/prod.html?idp_=1:0
[33318534ms] [VERBOSE] [DOM] Input elements should have autocomplete attributes (suggested: "current-password"): (More info: https://goo.gl/9p2vKq) %o @ https://www.demoblaze.com/prod.html?idp_=1:0
[33395078ms] [WARNING] VIDEOJS: WARN: A plugin named "reloadSourceOnError" already exists. You may want to avoid re-registering plugins! @ https://www.demoblaze.com/node_modules/video.js/dist/video.min.js:11
[33395092ms] [VERBOSE] [DOM] Input elements should have autocomplete attributes (suggested: "current-password"): (More info: https://goo.gl/9p2vKq) %o @ https://www.demoblaze.com/:0
[33395092ms] [VERBOSE] [DOM] Input elements should have autocomplete attributes (suggested: "current-password"): (More info: https://goo.gl/9p2vKq) %o @ https://www.demoblaze.com/:0
[33396514ms] [WARNING] VIDEOJS: WARN: A plugin named "reloadSourceOnError" already exists. You may want to avoid re-registering plugins! @ https://www.demoblaze.com/node_modules/video.js/dist/video.min.js:11
[33396701ms] [VERBOSE] [DOM] Input elements should have autocomplete attributes (suggested: "current-password"): (More info: https://goo.gl/9p2vKq) %o @ https://www.demoblaze.com/prod.html?idp_=1:0
[33396702ms] [VERBOSE] [DOM] Input elements should have autocomplete attributes (suggested: "current-password"): (More info: https://goo.gl/9p2vKq) %o @ https://www.demoblaze.com/prod.html?idp_=1:0
[33398472ms] [WARNING] VIDEOJS: WARN: A plugin named "reloadSourceOnError" already exists. You may want to avoid re-registering plugins! @ https://www.demoblaze.com/node_modules/video.js/dist/video.min.js:11
[33398479ms] [VERBOSE] [DOM] Input elements should have autocomplete attributes (suggested: "current-password"): (More info: https://goo.gl/9p2vKq) %o @ https://www.demoblaze.com/cart.html:0
[33398479ms] [VERBOSE] [DOM] Input elements should have autocomplete attributes (suggested: "current-password"): (More info: https://goo.gl/9p2vKq) %o @ https://www.demoblaze.com/cart.html:0
[34866967ms] [WARNING] VIDEOJS: WARN: A plugin named "reloadSourceOnError" already exists. You may want to avoid re-registering plugins! @ https://www.demoblaze.com/node_modules/video.js/dist/video.min.js:11
[34866979ms] [VERBOSE] [DOM] Input elements should have autocomplete attributes (suggested: "current-password"): (More info: https://goo.gl/9p2vKq) %o @ https://www.demoblaze.com/index.html:0
[34866980ms] [VERBOSE] [DOM] Input elements should have autocomplete attributes (suggested: "current-password"): (More info: https://goo.gl/9p2vKq) %o @ https://www.demoblaze.com/index.html:0
